snapshot_date_key,store_id,product_id,stock_on_hand_qty,stock_on_order_qty
20260308,S101,P1001,7,0
20260308,S101,P1002,6,10
20260308,S101,P1003,149,0
20260308,S101,P1004,10,0
20260308,S101,P1005,3,0
20260308,S101,P1006,8,0
20260308,S101,P1007,17,21
20260308,S101,P1008,10,4
20260308,S101,P1009,10,0
20260308,S101,P1010,2,0
20260308,S101,P1011,17,0
20260308,S101,P1012,5,0
20260308,S101,P1013,6,18
20260308,S101,P1014,63,0
20260308,S101,P1015,16,0
20260308,S101,P1016,22,0
20260308,S101,P1017,16,0
20260308,S101,P1018,27,16
20260308,S101,P1019,9,0
20260308,S101,P1020,5,0
20260308,S101,P1021,28,0
20260308,S101,P1022,4,0
20260308,S101,P1023,17,0
20260308,S101,P1024,10,0
20260308,S101,P1025,9,0
20260308,S101,P1026,2,0
20260308,S101,P1027,26,0
20260308,S101,P1028,11,0
20260308,S101,P1029,16,0
20260308,S101,P1030,11,0
20260308,S101,P1031,48,0
20260308,S101,P1032,5,18
20260308,S101,P1033,10,0
20260308,S101,P1034,7,15
20260308,S101,P1035,18,0
20260308,S101,P1036,15,0
20260308,S101,P1037,80,0
20260308,S101,P1038,14,19
20260308,S101,P1039,130,0
20260308,S101,P1040,4,0
20260308,S102,P1001,11,0
20260308,S102,P1002,1,0
20260308,S102,P1003,16,0
20260308,S102,P1004,3,0
20260308,S102,P1005,31,0
20260308,S102,P1006,8,0
20260308,S102,P1007,12,0
20260308,S102,P1008,6,0
20260308,S102,P1009,19,0
20260308,S102,P1010,13,0
20260308,S102,P1011,34,0
20260308,S102,P1012,28,30
20260308,S102,P1013,9,0
20260308,S102,P1014,7,12
20260308,S102,P1015,9,15
20260308,S102,P1016,16,0
20260308,S102,P1017,12,0
20260308,S102,P1018,6,12
20260308,S102,P1019,12,0
20260308,S102,P1020,6,15
20260308,S102,P1021,19,0
20260308,S102,P1022,1,0
20260308,S102,P1023,4,0
20260308,S102,P1024,7,0
20260308,S102,P1025,7,0
20260308,S102,P1026,5,12
20260308,S102,P1027,12,0
20260308,S102,P1028,23,0
20260308,S102,P1029,18,0
20260308,S102,P1030,21,0
20260308,S102,P1031,19,0
20260308,S102,P1032,3,9
20260308,S102,P1033,29,0
20260308,S102,P1034,12,14
20260308,S102,P1035,31,28
20260308,S102,P1036,8,0
20260308,S102,P1037,18,41
20260308,S102,P1038,48,0
20260308,S102,P1039,18,24
20260308,S102,P1040,7,0
20260308,S103,P1001,18,25
20260308,S103,P1002,13,12
20260308,S103,P1003,13,0
20260308,S103,P1004,14,0
20260308,S103,P1005,25,0
20260308,S103,P1006,10,0
20260308,S103,P1007,9,0
20260308,S103,P1008,7,0
20260308,S103,P1009,58,43
20260308,S103,P1010,8,0
20260308,S103,P1011,9,0
20260308,S103,P1012,13,0
20260308,S103,P1013,17,0
20260308,S103,P1014,9,0
20260308,S103,P1015,16,0
20260308,S103,P1016,25,0
20260308,S103,P1017,78,0
20260308,S103,P1018,5,0
20260308,S103,P1019,12,31
20260308,S103,P1020,8,0
20260308,S103,P1021,13,0
20260308,S103,P1022,9,0
20260308,S103,P1023,31,0
20260308,S103,P1024,12,0
20260308,S103,P1025,30,20
20260308,S103,P1026,15,18
20260308,S103,P1027,21,0
20260308,S103,P1028,36,11
20260308,S103,P1029,19,18
20260308,S103,P1030,7,0
20260308,S103,P1031,24,0
20260308,S103,P1032,24,0
20260308,S103,P1033,14,26
20260308,S103,P1034,10,0
20260308,S103,P1035,10,0
20260308,S103,P1036,20,22
20260308,S103,P1037,9,14
20260308,S103,P1038,4,0
20260308,S103,P1039,14,11
20260308,S103,P1040,10,7
20260308,S104,P1001,27,0
20260308,S104,P1002,7,9
20260308,S104,P1003,14,28
20260308,S104,P1004,12,7
20260308,S104,P1005,15,24
20260308,S104,P1006,6,0
20260308,S104,P1007,4,0
20260308,S104,P1008,11,0
20260308,S104,P1009,25,0
20260308,S104,P1010,14,0
20260308,S104,P1011,14,0
20260308,S104,P1012,13,0
20260308,S104,P1013,20,20
20260308,S104,P1014,7,14
20260308,S104,P1015,21,28
20260308,S104,P1016,7,12
20260308,S104,P1017,9,0
20260308,S104,P1018,9,0
20260308,S104,P1019,27,54
20260308,S104,P1020,18,0
20260308,S104,P1021,18,21
20260308,S104,P1022,10,0
20260308,S104,P1023,19,0
20260308,S104,P1024,11,11
20260308,S104,P1025,13,0
20260308,S104,P1026,25,0
20260308,S104,P1027,8,0
20260308,S104,P1028,10,0
20260308,S104,P1029,5,15
20260308,S104,P1030,11,0
20260308,S104,P1031,13,0
20260308,S104,P1032,6,0
20260308,S104,P1033,11,15
20260308,S104,P1034,8,0
20260308,S104,P1035,13,23
20260308,S104,P1036,7,0
20260308,S104,P1037,21,0
20260308,S104,P1038,5,12
20260308,S104,P1039,10,0
20260308,S104,P1040,20,0
20260308,S105,P1001,21,0
20260308,S105,P1002,18,0
20260308,S105,P1003,9,0
20260308,S105,P1004,7,0
20260308,S105,P1005,19,0
20260308,S105,P1006,8,0
20260308,S105,P1007,7,0
20260308,S105,P1008,14,10
20260308,S105,P1009,21,0
20260308,S105,P1010,24,13
20260308,S105,P1011,71,0
20260308,S105,P1012,4,0
20260308,S105,P1013,58,20
20260308,S105,P1014,12,10
20260308,S105,P1015,7,0
20260308,S105,P1016,14,0
20260308,S105,P1017,15,27
20260308,S105,P1018,13,24
20260308,S105,P1019,119,0
20260308,S105,P1020,17,0
20260308,S105,P1021,35,22
20260308,S105,P1022,11,13
20260308,S105,P1023,9,23
20260308,S105,P1024,10,0
20260308,S105,P1025,13,0
20260308,S105,P1026,12,0
20260308,S105,P1027,19,0
20260308,S105,P1028,13,19
20260308,S105,P1029,39,0
20260308,S105,P1030,9,9
20260308,S105,P1031,16,0
20260308,S105,P1032,26,0
20260308,S105,P1033,20,31
20260308,S105,P1034,10,0
20260308,S105,P1035,-3,0
20260308,S105,P1036,7,0
20260308,S105,P1037,33,0
20260308,S105,P1038,10,0
20260308,S105,P1039,16,26
20260308,S105,P1040,41,0
20260308,S106,P1001,50,11
20260308,S106,P1002,19,0
20260308,S106,P1003,29,12
20260308,S106,P1004,17,0
20260308,S106,P1005,49,0
20260308,S106,P1006,21,0
20260308,S106,P1007,37,17
20260308,S106,P1008,39,0
20260308,S106,P1009,79,0
20260308,S106,P1010,39,0
20260308,S106,P1011,44,0
20260308,S106,P1012,58,15
20260308,S106,P1013,89,37
20260308,S106,P1014,22,0
20260308,S106,P1015,87,0
20260308,S106,P1016,26,11
20260308,S106,P1017,36,0
20260308,S106,P1018,17,6
20260308,S106,P1019,32,0
20260308,S106,P1020,25,17
20260308,S106,P1021,96,0
20260308,S106,P1022,72,0
20260308,S106,P1023,45,33
20260308,S106,P1024,19,0
20260308,S106,P1025,71,0
20260308,S106,P1026,29,10
20260308,S106,P1027,43,0
20260308,S106,P1028,35,0
20260308,S106,P1029,48,21
20260308,S106,P1030,16,0
20260308,S106,P1031,89,20
20260308,S106,P1032,16,16
20260308,S106,P1033,57,22
20260308,S106,P1034,23,11
20260308,S106,P1035,37,0
20260308,S106,P1036,31,0
20260308,S106,P1037,133,0
20260308,S106,P1038,35,7
20260308,S106,P1039,33,0
20260308,S106,P1040,19,0
20260308,S107,P1001,30,6
20260308,S107,P1002,7,0
20260308,S107,P1003,65,0
20260308,S107,P1004,28,0
20260308,S107,P1005,34,0
20260308,S107,P1006,18,0
20260308,S107,P1007,75,18
20260308,S107,P1008,20,9
20260308,S107,P1009,53,0
20260308,S107,P1010,25,0
20260308,S107,P1011,52,28
20260308,S107,P1012,28,12
20260308,S107,P1013,42,7
20260308,S107,P1014,17,12
20260308,S107,P1015,34,21
20260308,S107,P1016,35,13
20260308,S107,P1017,97,0
20260308,S107,P1018,12,13
20260308,S107,P1019,67,0
20260308,S107,P1020,22,0
20260308,S107,P1021,42,0
20260308,S107,P1022,80,0
20260308,S107,P1023,49,0
20260308,S107,P1024,37,0
20260308,S107,P1025,60,0
20260308,S107,P1026,43,0
20260308,S107,P1027,65,0
20260308,S107,P1028,20,0
20260308,S107,P1029,50,17
20260308,S107,P1030,33,10
20260308,S107,P1031,26,15
20260308,S107,P1032,20,0
20260308,S107,P1033,36,17
20260308,S107,P1034,51,11
20260308,S107,P1035,68,0
20260308,S107,P1036,8,0
20260308,S107,P1037,35,0
20260308,S107,P1038,21,0
20260308,S107,P1039,62,0
20260308,S107,P1040,19,0
20260308,S108,P1001,65,0
20260308,S108,P1002,41,20
20260308,S108,P1003,37,0
20260308,S108,P1004,20,0
20260308,S108,P1005,38,28
20260308,S108,P1006,28,0
20260308,S108,P1007,54,0
20260308,S108,P1008,45,0
20260308,S108,P1009,106,0
20260308,S108,P1010,20,0
20260308,S108,P1011,71,0
20260308,S108,P1012,19,0
20260308,S108,P1013,43,20
20260308,S108,P1014,38,0
20260308,S108,P1015,32,0
20260308,S108,P1016,27,0
20260308,S108,P1017,47,8
20260308,S108,P1018,14,0
20260308,S108,P1019,48,20
20260308,S108,P1020,38,0
20260308,S108,P1021,37,0
20260308,S108,P1022,34,0
20260308,S108,P1023,28,9
20260308,S108,P1024,40,0
20260308,S108,P1025,30,0
20260308,S108,P1026,44,0
20260308,S108,P1027,114,28
20260308,S108,P1028,60,8
20260308,S108,P1029,10,0
20260308,S108,P1030,29,0
20260308,S108,P1031,81,0
20260308,S108,P1032,8,11
20260308,S108,P1033,36,0
20260308,S108,P1034,21,14
20260308,S108,P1035,50,0
20260308,S108,P1036,28,0
20260308,S108,P1037,67,0
20260308,S108,P1038,19,0
20260308,S108,P1039,30,0
20260308,S108,P1040,18,20
20260308,S109,P1001,53,11
20260308,S109,P1002,10,0
20260308,S109,P1003,36,0
20260308,S109,P1004,14,8
20260308,S109,P1005,36,16
20260308,S109,P1006,36,0
20260308,S109,P1007,27,18
20260308,S109,P1008,25,13
20260308,S109,P1009,40,34
20260308,S109,P1010,26,0
20260308,S109,P1011,14,0
20260308,S109,P1012,76,0
20260308,S109,P1013,74,0
20260308,S109,P1014,20,0
20260308,S109,P1015,42,23
20260308,S109,P1016,27,0
20260308,S109,P1017,17,0
20260308,S109,P1018,18,0
20260308,S109,P1019,69,0
20260308,S109,P1020,25,0
20260308,S109,P1021,36,0
20260308,S109,P1022,43,9
20260308,S109,P1023,14,0
20260308,S109,P1024,23,0
20260308,S109,P1025,40,0
20260308,S109,P1026,24,2
20260308,S109,P1027,102,38
20260308,S109,P1028,13,7
20260308,S109,P1029,31,0
20260308,S109,P1030,31,0
20260308,S109,P1031,73,0
20260308,S109,P1032,64,15
20260308,S109,P1033,51,0
20260308,S109,P1034,29,14
20260308,S109,P1035,85,0
20260308,S109,P1036,25,0
20260308,S109,P1037,83,0
20260308,S109,P1038,16,6
20260308,S109,P1039,51,0
20260308,S109,P1040,17,0
20260308,S111,P1001,7,0
20260308,S111,P1002,17,0
20260308,S111,P1003,43,12
20260308,S111,P1004,28,4
20260308,S111,P1005,44,0
20260308,S111,P1006,15,0
20260308,S111,P1007,31,0
20260308,S111,P1008,26,0
20260308,S111,P1009,7,0
20260308,S111,P1010,10,2
20260308,S111,P1011,5,0
20260308,S111,P1012,13,0
20260308,S111,P1013,79,7
20260308,S111,P1014,26,0
20260308,S111,P1015,38,5
20260308,S111,P1016,16,0
20260308,S111,P1017,17,0
20260308,S111,P1018,8,3
20260308,S111,P1019,30,0
20260308,S111,P1020,32,0
20260308,S111,P1021,9,0
20260308,S111,P1022,20,5
20260308,S111,P1023,0,0
20260308,S111,P1024,13,3
20260308,S111,P1025,35,0
20260308,S111,P1026,15,0
20260308,S111,P1027,32,0
20260308,S111,P1028,23,0
20260308,S111,P1029,39,0
20260308,S111,P1030,21,0
20260308,S111,P1031,12,0
20260308,S111,P1032,55,0
20260308,S111,P1033,21,0
20260308,S111,P1034,19,0
20260308,S111,P1035,72,0
20260308,S111,P1036,10,1
20260308,S111,P1037,50,9
20260308,S111,P1038,22,0
20260308,S111,P1039,48,0
20260308,S111,P1040,17,5
20260308,S112,P1001,23,0
20260308,S112,P1002,63,0
20260308,S112,P1003,21,0
20260308,S112,P1004,10,2
20260308,S112,P1005,47,3
20260308,S112,P1006,22,0
20260308,S112,P1007,36,3
20260308,S112,P1008,46,0
20260308,S112,P1009,50,0
20260308,S112,P1010,42,6
20260308,S112,P1011,43,2
20260308,S112,P1012,8,0
20260308,S112,P1013,9,0
20260308,S112,P1014,18,6
20260308,S112,P1015,47,13
20260308,S112,P1016,6,4
20260308,S112,P1017,28,0
20260308,S112,P1018,38,0
20260308,S112,P1019,20,0
20260308,S112,P1020,8,0
20260308,S112,P1021,38,0
20260308,S112,P1022,16,0
20260308,S112,P1023,24,0
20260308,S112,P1024,11,0
20260308,S112,P1025,30,0
20260308,S112,P1026,28,0
20260308,S112,P1027,54,0
20260308,S112,P1028,28,1
20260308,S112,P1029,23,0
20260308,S112,P1030,7,0
20260308,S112,P1031,22,0
20260308,S112,P1032,9,0
20260308,S112,P1033,20,0
20260308,S112,P1034,24,0
20260308,S112,P1035,16,0
20260308,S112,P1036,21,0
20260308,S112,P1037,31,0
20260308,S112,P1038,22,4
20260308,S112,P1039,19,3
20260308,S112,P1040,17,2
20260308,S113,P1001,67,12
20260308,S113,P1002,27,0
20260308,S113,P1003,18,2
20260308,S113,P1004,21,0
20260308,S113,P1005,39,12
20260308,S113,P1006,12,3
20260308,S113,P1007,28,6
20260308,S113,P1008,10,2
20260308,S113,P1009,86,0
20260308,S113,P1010,19,2
20260308,S113,P1011,34,0
20260308,S113,P1012,43,7
20260308,S113,P1013,40,0
20260308,S113,P1014,6,2
20260308,S113,P1015,20,5
20260308,S113,P1016,8,0
20260308,S113,P1017,13,0
20260308,S113,P1018,67,4
20260308,S113,P1019,4,5
20260308,S113,P1020,25,1
20260308,S113,P1021,31,0
20260308,S113,P1022,36,5
20260308,S113,P1023,15,0
20260308,S113,P1024,26,2
20260308,S113,P1025,53,0
20260308,S113,P1026,18,1
20260308,S113,P1027,9,0
20260308,S113,P1028,30,5
20260308,S113,P1029,56,0
20260308,S113,P1030,31,2
20260308,S113,P1031,52,4
20260308,S113,P1032,4,3
20260308,S113,P1033,36,6
20260308,S113,P1034,10,0
20260308,S113,P1035,45,13
20260308,S113,P1036,14,2
20260308,S113,P1037,13,0
20260308,S113,P1038,10,0
20260308,S113,P1039,53,0
20260308,S113,P1040,42,0
20260308,S114,P1001,14,0
20260308,S114,P1002,17,4
20260308,S114,P1003,15,0
20260308,S114,P1004,52,0
20260308,S114,P1005,8,0
20260308,S114,P1006,20,1
20260308,S114,P1007,25,0
20260308,S114,P1008,9,0
20260308,S114,P1009,55,0
20260308,S114,P1010,24,3
20260308,S114,P1011,17,10
20260308,S114,P1012,32,6
20260308,S114,P1013,14,0
20260308,S114,P1014,8,0
20260308,S114,P1015,43,3
20260308,S114,P1016,20,0
20260308,S114,P1017,36,0
20260308,S114,P1018,18,0
20260308,S114,P1019,50,0
20260308,S114,P1020,20,0
20260308,S114,P1021,30,0
20260308,S114,P1022,6,0
20260308,S114,P1023,58,0
20260308,S114,P1024,21,0
20260308,S114,P1025,22,0
20260308,S114,P1026,6,2
20260308,S114,P1027,25,6
20260308,S114,P1028,19,0
20260308,S114,P1029,25,5
20260308,S114,P1030,9,0
20260308,S114,P1031,29,0
20260308,S114,P1032,17,5
20260308,S114,P1033,14,0
20260308,S114,P1034,12,0
20260308,S114,P1035,42,0
20260308,S114,P1036,16,0
20260308,S114,P1037,23,0
20260308,S114,P1038,16,0
20260308,S114,P1039,63,0
20260308,S114,P1040,11,4
20260308,S115,P1001,15,13
20260308,S115,P1002,4,0
20260308,S115,P1003,19,0
20260308,S115,P1004,11,0
20260308,S115,P1005,47,0
20260308,S115,P1006,6,6
20260308,S115,P1007,60,0
20260308,S115,P1008,19,0
20260308,S115,P1009,30,7
20260308,S115,P1010,25,0
20260308,S115,P1011,56,19
20260308,S115,P1012,18,4
20260308,S115,P1013,19,0
20260308,S115,P1014,4,0
20260308,S115,P1015,17,0
20260308,S115,P1016,10,0
20260308,S115,P1017,19,0
20260308,S115,P1018,6,1
20260308,S115,P1019,14,6
20260308,S115,P1020,5,2
20260308,S115,P1021,7,0
20260308,S115,P1022,3,0
20260308,S115,P1023,20,0
20260308,S115,P1024,19,0
20260308,S115,P1025,8,0
20260308,S115,P1026,3,0
20260308,S115,P1027,20,0
20260308,S115,P1028,21,3
20260308,S115,P1029,39,0
20260308,S115,P1030,14,9
20260308,S115,P1031,14,11
20260308,S115,P1032,30,5
20260308,S115,P1033,11,15
20260308,S115,P1034,5,0
20260308,S115,P1035,31,0
20260308,S115,P1036,4,0
20260308,S115,P1037,21,11
20260308,S115,P1038,9,0
20260308,S115,P1039,31,0
20260308,S115,P1040,13,0
20260308,S116,P1001,26,0
20260308,S116,P1002,11,0
20260308,S116,P1003,7,0
20260308,S116,P1004,7,0
20260308,S116,P1005,26,0
20260308,S116,P1006,3,0
20260308,S116,P1007,26,0
20260308,S116,P1008,4,0
20260308,S116,P1009,2,0
20260308,S116,P1010,3,2
20260308,S116,P1011,51,0
20260308,S116,P1012,3,0
20260308,S116,P1013,14,15
20260308,S116,P1014,6,0
20260308,S116,P1015,10,0
20260308,S116,P1016,10,0
20260308,S116,P1017,32,12
20260308,S116,P1018,10,0
20260308,S116,P1019,10,0
20260308,S116,P1020,15,0
20260308,S116,P1021,4,0
20260308,S116,P1022,22,0
20260308,S116,P1023,28,10
20260308,S116,P1024,11,4
20260308,S116,P1025,10,0
20260308,S116,P1026,3,0
20260308,S116,P1027,5,0
20260308,S116,P1028,8,0
20260308,S116,P1029,8,0
20260308,S116,P1030,12,5
20260308,S116,P1031,16,0
20260308,S116,P1032,3,0
20260308,S116,P1033,49,0
20260308,S116,P1034,4,5
20260308,S116,P1035,4,8
20260308,S116,P1036,8,0
20260308,S116,P1037,15,6
20260308,S116,P1038,20,7
20260308,S116,P1039,27,0
20260308,S116,P1040,10,0
20260308,S117,P1001,14,6
20260308,S117,P1002,5,5
20260308,S117,P1003,27,0
20260308,S117,P1004,3,0
20260308,S117,P1005,11,0
20260308,S117,P1006,5,0
20260308,S117,P1007,43,10
20260308,S117,P1008,12,0
20260308,S117,P1009,33,0
20260308,S117,P1010,9,6
20260308,S117,P1011,6,0
20260308,S117,P1012,5,0
20260308,S117,P1013,16,0
20260308,S117,P1014,25,0
20260308,S117,P1015,13,9
20260308,S117,P1016,12,0
20260308,S117,P1017,9,0
20260308,S117,P1018,14,0
20260308,S117,P1019,63,0
20260308,S117,P1020,2,12
20260308,S117,P1021,45,8
20260308,S117,P1022,8,3
20260308,S117,P1023,8,0
20260308,S117,P1024,8,5
20260308,S117,P1025,43,0
20260308,S117,P1026,13,0
20260308,S117,P1027,15,0
20260308,S117,P1028,5,0
20260308,S117,P1029,4,0
20260308,S117,P1030,9,4
20260308,S117,P1031,19,0
20260308,S117,P1032,13,0
20260308,S117,P1033,23,24
20260308,S117,P1034,18,0
20260308,S117,P1035,14,0
20260308,S117,P1036,26,0
20260308,S117,P1037,18,16
20260308,S117,P1038,3,0
20260308,S117,P1039,13,0
20260308,S117,P1040,5,2
20260308,S118,P1001,17,0
20260308,S118,P1002,4,6
20260308,S118,P1003,29,0
20260308,S118,P1004,18,0
20260308,S118,P1005,36,0
20260308,S118,P1006,17,0
20260308,S118,P1007,9,0
20260308,S118,P1008,5,0
20260308,S118,P1009,18,0
20260308,S118,P1010,23,6
20260308,S118,P1011,7,10
20260308,S118,P1012,9,0
20260308,S118,P1013,11,0
20260308,S118,P1014,10,0
20260308,S118,P1015,21,0
20260308,S118,P1016,14,0
20260308,S118,P1017,8,14
20260308,S118,P1018,1,5
20260308,S118,P1019,16,0
20260308,S118,P1020,8,0
20260308,S118,P1021,10,5
20260308,S118,P1022,5,0
20260308,S118,P1023,8,0
20260308,S118,P1024,1,0
20260308,S118,P1025,21,9
20260308,S118,P1026,7,0
20260308,S118,P1027,12,12
20260308,S118,P1028,17,6
20260308,S118,P1029,25,0
20260308,S118,P1030,17,0
20260308,S118,P1031,31,12
20260308,S118,P1032,8,0
20260308,S118,P1033,7,8
20260308,S118,P1034,14,1
20260308,S118,P1035,18,0
20260308,S118,P1036,6,7
20260308,S118,P1037,32,8
20260308,S118,P1038,20,0
20260308,S118,P1039,10,11
20260308,S118,P1040,12,0
20260308,S119,P1001,14,0
20260308,S119,P1002,20,0
20260308,S119,P1003,12,0
20260308,S119,P1004,11,0
20260308,S119,P1005,17,0
20260308,S119,P1006,7,6
20260308,S119,P1007,12,0
20260308,S119,P1008,18,0
20260308,S119,P1009,35,0
20260308,S119,P1010,9,0
20260308,S119,P1011,16,15
20260308,S119,P1012,3,0
20260308,S119,P1013,28,0
20260308,S119,P1014,22,0
20260308,S119,P1015,17,6
20260308,S119,P1016,5,2
20260308,S119,P1017,12,0
20260308,S119,P1018,8,0
20260308,S119,P1019,7,11
20260308,S119,P1020,26,0
20260308,S119,P1021,26,11
20260308,S119,P1022,4,0
20260308,S119,P1023,13,0
20260308,S119,P1024,11,7
20260308,S119,P1025,13,0
20260308,S119,P1026,16,5
20260308,S119,P1027,46,0
20260308,S119,P1028,11,0
20260308,S119,P1029,10,0
20260308,S119,P1030,12,0
20260308,S119,P1031,46,0
20260308,S119,P1032,5,8
20260308,S119,P1033,13,0
20260308,S119,P1034,6,2
20260308,S119,P1035,17,0
20260308,S119,P1036,8,0
20260308,S119,P1037,24,0
20260308,S119,P1038,16,8
20260308,S119,P1039,31,29
20260308,S119,P1040,20,0
20260308,S120,P1001,7,7
20260308,S120,P1002,11,0
20260308,S120,P1003,27,0
20260308,S120,P1004,6,0
20260308,S120,P1005,35,14
20260308,S120,P1006,4,0
20260308,S120,P1007,16,0
20260308,S120,P1008,3,0
20260308,S120,P1009,7,11
20260308,S120,P1010,8,0
20260308,S120,P1011,21,0
20260308,S120,P1012,22,7
20260308,S120,P1013,31,0
20260308,S120,P1014,4,0
20260308,S120,P1015,26,0
20260308,S120,P1016,24,0
20260308,S120,P1017,33,0
20260308,S120,P1018,12,3
20260308,S120,P1019,14,8
20260308,S120,P1020,9,0
20260308,S120,P1021,13,0
20260308,S120,P1022,10,4
20260308,S120,P1023,34,0
20260308,S120,P1024,5,0
20260308,S120,P1025,30,0
20260308,S120,P1026,5,0
20260308,S120,P1027,13,7
20260308,S120,P1028,2,3
20260308,S120,P1029,33,0
20260308,S120,P1030,11,6
20260308,S120,P1031,11,0
20260308,S120,P1032,12,0
20260308,S120,P1033,12,0
20260308,S120,P1034,4,6
20260308,S120,P1035,15,7
20260308,S120,P1036,10,0
20260308,S120,P1037,10,6
20260308,S120,P1038,19,0
20260308,S120,P1039,36,22
20260308,S120,P1040,8,0
20260315,S101,P1001,7,0
20260315,S101,P1002,4,22
20260315,S101,P1003,109,0
20260315,S101,P1004,5,0
20260315,S101,P1005,18,0
20260315,S101,P1006,9,11
20260315,S101,P1007,9,0
20260315,S101,P1008,17,0
20260315,S101,P1009,11,0
20260315,S101,P1010,7,12
20260315,S101,P1011,25,0
20260315,S101,P1012,1,0
20260315,S101,P1013,16,28
20260315,S101,P1014,128,0
20260315,S101,P1015,10,0
20260315,S101,P1016,25,26
20260315,S101,P1017,15,0
20260315,S101,P1018,18,0
20260315,S101,P1019,15,29
20260315,S101,P1020,5,0
20260315,S101,P1021,18,0
20260315,S101,P1022,5,0
20260315,S101,P1023,12,26
20260315,S101,P1024,21,0
20260315,S101,P1025,3,0
20260315,S101,P1026,9,8
20260315,S101,P1027,9,0
20260315,S101,P1028,3,0
20260315,S101,P1029,32,0
20260315,S101,P1030,9,0
20260315,S101,P1031,67,34
20260315,S101,P1032,3,0
20260315,S101,P1033,19,0
20260315,S101,P1034,9,15
20260315,S101,P1035,18,0
20260315,S101,P1036,9,15
20260315,S101,P1037,118,27
20260315,S101,P1038,26,0
20260315,S101,P1039,244,0
20260315,S101,P1040,8,0
20260315,S102,P1001,18,0
20260315,S102,P1002,4,0
20260315,S102,P1003,6,16
20260315,S102,P1004,8,0
20260315,S102,P1005,19,0
20260315,S102,P1006,17,0
20260315,S102,P1007,7,0
20260315,S102,P1008,9,0
20260315,S102,P1009,13,37
20260315,S102,P1010,7,0
20260315,S102,P1011,32,0
20260315,S102,P1012,35,36
20260315,S102,P1013,15,22
20260315,S102,P1014,4,0
20260315,S102,P1015,11,15
20260315,S102,P1016,15,0
20260315,S102,P1017,12,0
20260315,S102,P1018,2,11
20260315,S102,P1019,17,0
20260315,S102,P1020,4,17
20260315,S102,P1021,31,0
20260315,S102,P1022,3,0
20260315,S102,P1023,2,0
20260315,S102,P1024,5,7
20260315,S102,P1025,6,0
20260315,S102,P1026,6,8
20260315,S102,P1027,6,0
20260315,S102,P1028,15,0
20260315,S102,P1029,10,0
20260315,S102,P1030,24,0
20260315,S102,P1031,13,0
20260315,S102,P1032,1,0
20260315,S102,P1033,19,0
20260315,S102,P1034,4,0
20260315,S102,P1035,39,0
20260315,S102,P1036,3,0
20260315,S102,P1037,8,0
20260315,S102,P1038,73,13
20260315,S102,P1039,36,0
20260315,S102,P1040,8,0
20260315,S103,P1001,14,0
20260315,S103,P1002,6,0
20260315,S103,P1003,16,0
20260315,S103,P1004,12,0
20260315,S103,P1005,30,0
20260315,S103,P1006,7,0
20260315,S103,P1007,9,0
20260315,S103,P1008,8,0
20260315,S103,P1009,44,40
20260315,S103,P1010,16,0
20260315,S103,P1011,12,0
20260315,S103,P1012,15,10
20260315,S103,P1013,45,0
20260315,S103,P1014,2,0
20260315,S103,P1015,24,20
20260315,S103,P1016,12,0
20260315,S103,P1017,96,0
20260315,S103,P1018,17,18
20260315,S103,P1019,13,0
20260315,S103,P1020,17,0
20260315,S103,P1021,10,18
20260315,S103,P1022,15,0
20260315,S103,P1023,27,0
20260315,S103,P1024,10,0
20260315,S103,P1025,39,0
20260315,S103,P1026,10,0
20260315,S103,P1027,19,0
20260315,S103,P1028,43,0
20260315,S103,P1029,25,37
20260315,S103,P1030,9,0
20260315,S103,P1031,40,0
20260315,S103,P1032,32,0
20260315,S103,P1033,28,0
20260315,S103,P1034,12,0
20260315,S103,P1035,17,0
20260315,S103,P1036,19,0
20260315,S103,P1037,15,13
20260315,S103,P1038,7,11
20260315,S103,P1039,9,0
20260315,S103,P1040,5,0
20260315,S104,P1001,17,0
20260315,S104,P1002,9,0
20260315,S104,P1003,22,0
20260315,S104,P1004,15,0
20260315,S104,P1005,12,0
20260315,S104,P1006,2,0
20260315,S104,P1007,22,33
20260315,S104,P1008,18,0
20260315,S104,P1009,14,0
20260315,S104,P1010,8,0
20260315,S104,P1011,30,22
20260315,S104,P1012,10,0
20260315,S104,P1013,30,0
20260315,S104,P1014,9,0
20260315,S104,P1015,8,0
20260315,S104,P1016,7,0
20260315,S104,P1017,6,0
20260315,S104,P1018,5,0
20260315,S104,P1019,19,0
20260315,S104,P1020,19,0
20260315,S104,P1021,15,17
20260315,S104,P1022,16,0
20260315,S104,P1023,12,17
20260315,S104,P1024,12,13
20260315,S104,P1025,7,37
20260315,S104,P1026,28,0
20260315,S104,P1027,8,0
20260315,S104,P1028,13,0
20260315,S104,P1029,6,16
20260315,S104,P1030,3,10
20260315,S104,P1031,7,0
20260315,S104,P1032,11,0
20260315,S104,P1033,8,15
20260315,S104,P1034,15,0
20260315,S104,P1035,8,0
20260315,S104,P1036,9,0
20260315,S104,P1037,24,0
20260315,S104,P1038,9,0
20260315,S104,P1039,17,16
20260315,S104,P1040,10,15
20260315,S105,P1001,37,0
20260315,S105,P1002,8,0
20260315,S105,P1003,4,19
20260315,S105,P1004,5,12
20260315,S105,P1005,21,0
20260315,S105,P1006,11,0
20260315,S105,P1007,8,0
20260315,S105,P1008,22,0
20260315,S105,P1009,14,36
20260315,S105,P1010,40,11
20260315,S105,P1011,91,17
20260315,S105,P1012,3,0
20260315,S105,P1013,58,0
20260315,S105,P1014,11,0
20260315,S105,P1015,15,0
20260315,S105,P1016,21,0
20260315,S105,P1017,16,0
20260315,S105,P1018,21,24
20260315,S105,P1019,75,0
20260315,S105,P1020,15,0
20260315,S105,P1021,15,22
20260315,S105,P1022,30,0
20260315,S105,P1023,14,21
20260315,S105,P1024,7,0
20260315,S105,P1025,17,27
20260315,S105,P1026,6,0
20260315,S105,P1027,15,0
20260315,S105,P1028,12,0
20260315,S105,P1029,9,0
20260315,S105,P1030,15,0
20260315,S105,P1031,33,40
20260315,S105,P1032,12,13
20260315,S105,P1033,31,0
20260315,S105,P1034,5,0
20260315,S105,P1035,33,29
20260315,S105,P1036,9,0
20260315,S105,P1037,44,0
20260315,S105,P1038,7,0
20260315,S105,P1039,17,0
20260315,S105,P1040,46,16
20260315,S106,P1001,45,0
20260315,S106,P1002,12,0
20260315,S106,P1003,40,0
20260315,S106,P1004,27,0
20260315,S106,P1005,71,0
20260315,S106,P1006,16,6
20260315,S106,P1007,58,21
20260315,S106,P1008,50,0
20260315,S106,P1009,71,0
20260315,S106,P1010,39,11
20260315,S106,P1011,90,15
20260315,S106,P1012,51,0
20260315,S106,P1013,131,0
20260315,S106,P1014,14,9
20260315,S106,P1015,51,0
20260315,S106,P1016,23,0
20260315,S106,P1017,42,0
20260315,S106,P1018,24,0
20260315,S106,P1019,32,0
20260315,S106,P1020,19,19
20260315,S106,P1021,77,0
20260315,S106,P1022,41,0
20260315,S106,P1023,52,0
20260315,S106,P1024,25,15
20260315,S106,P1025,40,0
20260315,S106,P1026,22,0
20260315,S106,P1027,48,32
20260315,S106,P1028,18,11
20260315,S106,P1029,25,0
20260315,S106,P1030,12,0
20260315,S106,P1031,107,0
20260315,S106,P1032,18,3
20260315,S106,P1033,60,0
20260315,S106,P1034,23,0
20260315,S106,P1035,55,35
20260315,S106,P1036,39,0
20260315,S106,P1037,124,0
20260315,S106,P1038,25,7
20260315,S106,P1039,50,8
20260315,S106,P1040,14,16
20260315,S107,P1001,68,0
20260315,S107,P1002,11,0
20260315,S107,P1003,92,38
20260315,S107,P1004,49,0
20260315,S107,P1005,41,12
20260315,S107,P1006,37,10
20260315,S107,P1007,56,0
20260315,S107,P1008,18,0
20260315,S107,P1009,33,0
20260315,S107,P1010,43,13
20260315,S107,P1011,81,0
20260315,S107,P1012,34,0
20260315,S107,P1013,30,0
20260315,S107,P1014,10,0
20260315,S107,P1015,40,0
20260315,S107,P1016,47,0
20260315,S107,P1017,113,0
20260315,S107,P1018,22,0
20260315,S107,P1019,36,0
20260315,S107,P1020,34,0
20260315,S107,P1021,44,11
20260315,S107,P1022,67,0
20260315,S107,P1023,52,0
20260315,S107,P1024,44,0
20260315,S107,P1025,42,0
20260315,S107,P1026,33,13
20260315,S107,P1027,97,0
20260315,S107,P1028,34,0
20260315,S107,P1029,57,25
20260315,S107,P1030,74,0
20260315,S107,P1031,22,0
20260315,S107,P1032,15,0
20260315,S107,P1033,37,28
20260315,S107,P1034,27,14
20260315,S107,P1035,60,19
20260315,S107,P1036,6,0
20260315,S107,P1037,41,21
20260315,S107,P1038,22,0
20260315,S107,P1039,111,16
20260315,S107,P1040,36,0
20260315,S108,P1001,43,0
20260315,S108,P1002,40,10
20260315,S108,P1003,32,19
20260315,S108,P1004,27,0
20260315,S108,P1005,56,26
20260315,S108,P1006,10,0
20260315,S108,P1007,27,25
20260315,S108,P1008,38,0
20260315,S108,P1009,96,0
20260315,S108,P1010,14,0
20260315,S108,P1011,72,24
20260315,S108,P1012,37,0
20260315,S108,P1013,54,22
20260315,S108,P1014,34,0
20260315,S108,P1015,19,0
20260315,S108,P1016,12,12
20260315,S108,P1017,28,0
20260315,S108,P1018,7,0
20260315,S108,P1019,55,0
20260315,S108,P1020,28,0
20260315,S108,P1021,64,0
20260315,S108,P1022,20,0
20260315,S108,P1023,38,0
20260315,S108,P1024,44,0
20260315,S108,P1025,35,23
20260315,S108,P1026,25,12
20260315,S108,P1027,159,0
20260315,S108,P1028,51,0
20260315,S108,P1029,11,34
20260315,S108,P1030,37,0
20260315,S108,P1031,151,0
20260315,S108,P1032,18,0
20260315,S108,P1033,34,21
20260315,S108,P1034,33,8
20260315,S108,P1035,70,33
20260315,S108,P1036,33,0
20260315,S108,P1037,50,0
20260315,S108,P1038,23,0
20260315,S108,P1039,34,0
20260315,S108,P1040,28,0
20260315,S109,P1001,42,0
20260315,S109,P1002,30,0
20260315,S109,P1003,39,0
20260315,S109,P1004,20,0
20260315,S109,P1005,25,0
20260315,S109,P1006,21,0
20260315,S109,P1007,24,17
20260315,S109,P1008,19,8
20260315,S109,P1009,48,0
20260315,S109,P1010,25,0
20260315,S109,P1011,22,23
20260315,S109,P1012,61,16
20260315,S109,P1013,51,0
20260315,S109,P1014,29,0
20260315,S109,P1015,50,0
20260315,S109,P1016,19,0
20260315,S109,P1017,30,0
20260315,S109,P1018,23,0
20260315,S109,P1019,53,0
20260315,S109,P1020,47,16
20260315,S109,P1021,53,0
20260315,S109,P1022,37,0
20260315,S109,P1023,38,15
20260315,S109,P1024,31,0
20260315,S109,P1025,46,0
20260315,S109,P1026,34,7
20260315,S109,P1027,66,0
20260315,S109,P1028,19,0
20260315,S109,P1029,39,0
20260315,S109,P1030,14,0
20260315,S109,P1031,55,16
20260315,S109,P1032,55,0
20260315,S109,P1033,67,21
20260315,S109,P1034,23,0
20260315,S109,P1035,83,29
20260315,S109,P1036,38,0
20260315,S109,P1037,30,0
20260315,S109,P1038,12,0
20260315,S109,P1039,57,0
20260315,S109,P1040,18,0
20260315,S111,P1001,14,4
20260315,S111,P1002,24,2
20260315,S111,P1003,38,0
20260315,S111,P1004,15,0
20260315,S111,P1005,31,0
20260315,S111,P1006,6,6
20260315,S111,P1007,31,0
20260315,S111,P1008,28,9
20260315,S111,P1009,8,0
20260315,S111,P1010,17,0
20260315,S111,P1011,11,4
20260315,S111,P1012,4,1
20260315,S111,P1013,56,7
20260315,S111,P1014,11,0
20260315,S111,P1015,47,0
20260315,S111,P1016,14,0
20260315,S111,P1017,14,6
20260315,S111,P1018,3,3
20260315,S111,P1019,48,0
20260315,S111,P1020,31,0
20260315,S111,P1021,11,4
20260315,S111,P1022,14,0
20260315,S111,P1023,3,0
20260315,S111,P1024,10,0
20260315,S111,P1025,15,0
20260315,S111,P1026,18,0
20260315,S111,P1027,36,0
20260315,S111,P1028,38,4
20260315,S111,P1029,30,0
20260315,S111,P1030,12,3
20260315,S111,P1031,12,6
20260315,S111,P1032,36,0
20260315,S111,P1033,14,0
20260315,S111,P1034,13,0
20260315,S111,P1035,50,0
20260315,S111,P1036,10,3
20260315,S111,P1037,62,0
20260315,S111,P1038,35,0
20260315,S111,P1039,38,0
20260315,S111,P1040,3,0
20260315,S112,P1001,31,0
20260315,S112,P1002,38,9
20260315,S112,P1003,26,0
20260315,S112,P1004,18,0
20260315,S112,P1005,27,0
20260315,S112,P1006,31,0
20260315,S112,P1007,17,4
20260315,S112,P1008,26,4
20260315,S112,P1009,46,5
20260315,S112,P1010,32,0
20260315,S112,P1011,13,0
20260315,S112,P1012,10,1
20260315,S112,P1013,20,0
20260315,S112,P1014,11,0
20260315,S112,P1015,48,0
20260315,S112,P1016,17,6
20260315,S112,P1017,15,10
20260315,S112,P1018,26,5
20260315,S112,P1019,49,0
20260315,S112,P1020,7,0
20260315,S112,P1021,59,5
20260315,S112,P1022,25,0
20260315,S112,P1023,22,6
20260315,S112,P1024,47,0
20260315,S112,P1025,33,0
20260315,S112,P1026,37,0
20260315,S112,P1027,42,10
20260315,S112,P1028,19,0
20260315,S112,P1029,24,0
20260315,S112,P1030,16,1
20260315,S112,P1031,19,3
20260315,S112,P1032,11,0
20260315,S112,P1033,21,0
20260315,S112,P1034,23,7
20260315,S112,P1035,45,0
20260315,S112,P1036,19,3
20260315,S112,P1037,35,13
20260315,S112,P1038,30,0
20260315,S112,P1039,15,1
20260315,S112,P1040,23,0
20260315,S113,P1001,64,5
20260315,S113,P1002,32,0
20260315,S113,P1003,25,4
20260315,S113,P1004,10,0
20260315,S113,P1005,41,13
20260315,S113,P1006,10,3
20260315,S113,P1007,40,0
20260315,S113,P1008,14,3
20260315,S113,P1009,49,0
20260315,S113,P1010,26,0
20260315,S113,P1011,47,6
20260315,S113,P1012,40,0
20260315,S113,P1013,15,4
20260315,S113,P1014,4,0
20260315,S113,P1015,28,0
20260315,S113,P1016,9,0
20260315,S113,P1017,33,0
20260315,S113,P1018,50,0
20260315,S113,P1019,6,0
20260315,S113,P1020,15,0
20260315,S113,P1021,35,6
20260315,S113,P1022,17,4
20260315,S113,P1023,17,3
20260315,S113,P1024,49,0
20260315,S113,P1025,59,0
20260315,S113,P1026,8,0
20260315,S113,P1027,9,0
20260315,S113,P1028,33,0
20260315,S113,P1029,34,0
20260315,S113,P1030,14,0
20260315,S113,P1031,33,0
20260315,S113,P1032,2,0
20260315,S113,P1033,44,7
20260315,S113,P1034,10,0
20260315,S113,P1035,27,6
20260315,S113,P1036,12,0
20260315,S113,P1037,28,0
20260315,S113,P1038,24,0
20260315,S113,P1039,40,0
20260315,S113,P1040,32,0
20260315,S114,P1001,7,3
20260315,S114,P1002,31,0
20260315,S114,P1003,27,0
20260315,S114,P1004,32,0
20260315,S114,P1005,22,0
20260315,S114,P1006,23,2
20260315,S114,P1007,25,0
20260315,S114,P1008,14,0
20260315,S114,P1009,70,0
20260315,S114,P1010,12,0
20260315,S114,P1011,25,0
20260315,S114,P1012,58,0
20260315,S114,P1013,17,0
20260315,S114,P1014,10,0
20260315,S114,P1015,60,9
20260315,S114,P1016,14,0
20260315,S114,P1017,37,0
20260315,S114,P1018,10,0
20260315,S114,P1019,67,5
20260315,S114,P1020,18,0
20260315,S114,P1021,15,0
20260315,S114,P1022,10,0
20260315,S114,P1023,67,13
20260315,S114,P1024,18,0
20260315,S114,P1025,23,0
20260315,S114,P1026,5,0
20260315,S114,P1027,20,0
20260315,S114,P1028,24,0
20260315,S114,P1029,42,0
20260315,S114,P1030,5,0
20260315,S114,P1031,23,0
20260315,S114,P1032,19,0
20260315,S114,P1033,13,0
20260315,S114,P1034,33,0
20260315,S114,P1035,44,0
20260315,S114,P1036,33,0
20260315,S114,P1037,35,0
20260315,S114,P1038,14,0
20260315,S114,P1039,103,12
20260315,S114,P1040,11,0
20260315,S115,P1001,18,0
20260315,S115,P1002,4,9
20260315,S115,P1003,35,23
20260315,S115,P1004,11,9
20260315,S115,P1005,31,0
20260315,S115,P1006,6,0
20260315,S115,P1007,40,0
20260315,S115,P1008,6,0
20260315,S115,P1009,42,11
20260315,S115,P1010,28,0
20260315,S115,P1011,36,0
20260315,S115,P1012,18,0
20260315,S115,P1013,18,0
20260315,S115,P1014,4,0
20260315,S115,P1015,19,11
20260315,S115,P1016,-3,0
20260315,S115,P1017,23,0
20260315,S115,P1018,3,0
20260315,S115,P1019,11,6
20260315,S115,P1020,5,0
20260315,S115,P1021,11,0
20260315,S115,P1022,3,0
20260315,S115,P1023,12,0
20260315,S115,P1024,12,5
20260315,S115,P1025,22,0
20260315,S115,P1026,3,0
20260315,S115,P1027,11,0
20260315,S115,P1028,20,4
20260315,S115,P1029,55,0
20260315,S115,P1030,7,0
20260315,S115,P1031,26,0
20260315,S115,P1032,32,0
20260315,S115,P1033,7,0
20260315,S115,P1034,5,0
20260315,S115,P1035,34,0
20260315,S115,P1036,14,0
20260315,S115,P1037,17,0
20260315,S115,P1038,10,0
20260315,S115,P1039,24,11
20260315,S115,P1040,7,0
20260315,S116,P1001,12,0
20260315,S116,P1002,4,11
20260315,S116,P1003,21,10
20260315,S116,P1004,9,0
20260315,S116,P1005,12,9
20260315,S116,P1006,0,0
20260315,S116,P1007,21,7
20260315,S116,P1008,5,0
20260315,S116,P1009,10,0
20260315,S116,P1010,5,5
20260315,S116,P1011,41,0
20260315,S116,P1012,10,0
20260315,S116,P1013,26,0
20260315,S116,P1014,6,6
20260315,S116,P1015,25,0
20260315,S116,P1016,11,4
20260315,S116,P1017,10,0
20260315,S116,P1018,8,0
20260315,S116,P1019,6,0
20260315,S116,P1020,11,0
20260315,S116,P1021,2,14
20260315,S116,P1022,9,0
20260315,S116,P1023,20,0
20260315,S116,P1024,19,0
20260315,S116,P1025,11,0
20260315,S116,P1026,4,0
20260315,S116,P1027,7,0
20260315,S116,P1028,5,0
20260315,S116,P1029,8,0
20260315,S116,P1030,18,0
20260315,S116,P1031,15,0
20260315,S116,P1032,3,8
20260315,S116,P1033,22,11
20260315,S116,P1034,8,0
20260315,S116,P1035,10,0
20260315,S116,P1036,5,0
20260315,S116,P1037,12,0
20260315,S116,P1038,15,0
20260315,S116,P1039,23,0
20260315,S116,P1040,10,0
20260315,S117,P1001,8,0
20260315,S117,P1002,12,2
20260315,S117,P1003,30,0
20260315,S117,P1004,4,6
20260315,S117,P1005,17,0
20260315,S117,P1006,5,0
20260315,S117,P1007,23,0
20260315,S117,P1008,8,0
20260315,S117,P1009,33,0
20260315,S117,P1010,11,0
20260315,S117,P1011,5,0
20260315,S117,P1012,-4,1
20260315,S117,P1013,19,0
20260315,S117,P1014,17,0
20260315,S117,P1015,18,8
20260315,S117,P1016,10,3
20260315,S117,P1017,27,0
20260315,S117,P1018,18,10
20260315,S117,P1019,32,0
20260315,S117,P1020,9,5
20260315,S117,P1021,86,0
20260315,S117,P1022,9,0
20260315,S117,P1023,12,0
20260315,S117,P1024,6,0
20260315,S117,P1025,38,4
20260315,S117,P1026,23,15
20260315,S117,P1027,26,0
20260315,S117,P1028,7,0
20260315,S117,P1029,15,0
20260315,S117,P1030,14,0
20260315,S117,P1031,29,16
20260315,S117,P1032,11,0
20260315,S117,P1033,39,16
20260315,S117,P1034,18,6
20260315,S117,P1035,32,19
20260315,S117,P1036,9,0
20260315,S117,P1037,13,0
20260315,S117,P1038,3,0
20260315,S117,P1039,4,9
20260315,S117,P1040,18,0
20260315,S118,P1001,15,8
20260315,S118,P1002,5,6
20260315,S118,P1003,28,0
20260315,S118,P1004,6,0
20260315,S118,P1005,23,0
20260315,S118,P1006,11,0
20260315,S118,P1007,9,0
20260315,S118,P1008,5,0
20260315,S118,P1009,10,0
20260315,S118,P1010,38,0
20260315,S118,P1011,5,0
20260315,S118,P1012,6,4
20260315,S118,P1013,16,10
20260315,S118,P1014,7,0
20260315,S118,P1015,41,0
20260315,S118,P1016,6,0
20260315,S118,P1017,11,0
20260315,S118,P1018,17,6
20260315,S118,P1019,10,0
20260315,S118,P1020,7,0
20260315,S118,P1021,11,9
20260315,S118,P1022,6,4
20260315,S118,P1023,14,8
20260315,S118,P1024,3,0
20260315,S118,P1025,11,0
20260315,S118,P1026,8,0
20260315,S118,P1027,14,0
20260315,S118,P1028,7,0
20260315,S118,P1029,18,0
20260315,S118,P1030,17,0
20260315,S118,P1031,39,0
20260315,S118,P1032,17,0
20260315,S118,P1033,16,0
20260315,S118,P1034,9,7
20260315,S118,P1035,20,0
20260315,S118,P1036,5,0
20260315,S118,P1037,25,20
20260315,S118,P1038,14,0
20260315,S118,P1039,19,11
20260315,S118,P1040,7,0
20260315,S119,P1001,25,0
20260315,S119,P1002,6,6
20260315,S119,P1003,16,6
20260315,S119,P1004,8,2
20260315,S119,P1005,15,0
20260315,S119,P1006,7,0
20260315,S119,P1007,14,0
20260315,S119,P1008,9,0
20260315,S119,P1009,32,0
20260315,S119,P1010,2,0
20260315,S119,P1011,22,0
20260315,S119,P1012,4,4
20260315,S119,P1013,31,14
20260315,S119,P1014,11,0
20260315,S119,P1015,12,12
20260315,S119,P1016,3,5
20260315,S119,P1017,14,2
20260315,S119,P1018,20,0
20260315,S119,P1019,6,0
20260315,S119,P1020,9,0
20260315,S119,P1021,27,0
20260315,S119,P1022,11,0
20260315,S119,P1023,25,0
20260315,S119,P1024,11,0
20260315,S119,P1025,5,0
20260315,S119,P1026,6,0
20260315,S119,P1027,52,8
20260315,S119,P1028,7,0
20260315,S119,P1029,11,0
20260315,S119,P1030,11,0
20260315,S119,P1031,20,0
20260315,S119,P1032,11,0
20260315,S119,P1033,28,0
20260315,S119,P1034,5,0
20260315,S119,P1035,9,0
20260315,S119,P1036,10,5
20260315,S119,P1037,10,0
20260315,S119,P1038,6,0
20260315,S119,P1039,28,0
20260315,S119,P1040,16,0
20260315,S120,P1001,13,10
20260315,S120,P1002,2,0
20260315,S120,P1003,17,0
20260315,S120,P1004,3,0
20260315,S120,P1005,20,17
20260315,S120,P1006,9,5
20260315,S120,P1007,11,9
20260315,S120,P1008,10,0
20260315,S120,P1009,31,0
20260315,S120,P1010,4,5
20260315,S120,P1011,10,0
20260315,S120,P1012,21,7
20260315,S120,P1013,25,0
20260315,S120,P1014,5,0
20260315,S120,P1015,15,0
20260315,S120,P1016,17,0
20260315,S120,P1017,64,0
20260315,S120,P1018,10,0
20260315,S120,P1019,11,6
20260315,S120,P1020,11,0
20260315,S120,P1021,20,0
20260315,S120,P1022,7,0
20260315,S120,P1023,10,0
20260315,S120,P1024,4,0
20260315,S120,P1025,28,0
20260315,S120,P1026,16,0
20260315,S120,P1027,5,0
20260315,S120,P1028,2,0
20260315,S120,P1029,26,7
20260315,S120,P1030,10,5
20260315,S120,P1031,22,6
20260315,S120,P1032,8,0
20260315,S120,P1033,9,15
20260315,S120,P1034,11,0
20260315,S120,P1035,11,0
20260315,S120,P1036,7,2
20260315,S120,P1037,12,0
20260315,S120,P1038,13,0
20260315,S120,P1039,26,20
20260315,S120,P1040,6,0
20260322,S101,P1001,6,29
20260322,S101,P1002,9,16
20260322,S101,P1003,89,0
20260322,S101,P1004,5,0
20260322,S101,P1005,6,0
20260322,S101,P1006,11,0
20260322,S101,P1007,8,16
20260322,S101,P1008,2,0
20260322,S101,P1009,14,0
20260322,S101,P1010,3,12
20260322,S101,P1011,14,24
20260322,S101,P1012,6,0
20260322,S101,P1013,12,15
20260322,S101,P1014,100,18
20260322,S101,P1015,18,0
20260322,S101,P1016,27,0
20260322,S101,P1017,16,14
20260322,S101,P1018,9,0
20260322,S101,P1019,8,0
20260322,S101,P1020,5,0
20260322,S101,P1021,17,0
20260322,S101,P1022,1,0
20260322,S101,P1023,16,32
20260322,S101,P1024,8,0
20260322,S101,P1025,14,0
20260322,S101,P1026,7,0
20260322,S101,P1027,24,0
20260322,S101,P1028,11,8
20260322,S101,P1029,19,0
20260322,S101,P1030,13,0
20260322,S101,P1031,38,0
20260322,S101,P1032,4,11
20260322,S101,P1033,14,17
20260322,S101,P1034,6,14
20260322,S101,P1035,22,0
20260322,S101,P1036,15,29
20260322,S101,P1037,187,0
20260322,S101,P1038,20,0
20260322,S101,P1039,159,36
20260322,S101,P1040,10,0
20260322,S102,P1001,13,0
20260322,S102,P1002,5,10
20260322,S102,P1003,7,0
20260322,S102,P1004,6,6
20260322,S102,P1005,25,0
20260322,S102,P1006,19,8
20260322,S102,P1007,18,0
20260322,S102,P1008,7,0
20260322,S102,P1009,14,0
20260322,S102,P1010,12,20
20260322,S102,P1011,62,50
20260322,S102,P1012,22,0
20260322,S102,P1013,16,31
20260322,S102,P1014,15,0
20260322,S102,P1015,5,10
20260322,S102,P1016,12,0
20260322,S102,P1017,32,0
20260322,S102,P1018,4,0
20260322,S102,P1019,19,12
20260322,S102,P1020,5,0
20260322,S102,P1021,20,0
20260322,S102,P1022,1,0
20260322,S102,P1023,9,0
20260322,S102,P1024,13,0
20260322,S102,P1025,16,0
20260322,S102,P1026,9,0
20260322,S102,P1027,14,22
20260322,S102,P1028,9,0
20260322,S102,P1029,25,0
20260322,S102,P1030,32,0
20260322,S102,P1031,21,0
20260322,S102,P1032,9,7
20260322,S102,P1033,7,0
20260322,S102,P1034,12,0
20260322,S102,P1035,22,0
20260322,S102,P1036,7,18
20260322,S102,P1037,12,0
20260322,S102,P1038,56,0
20260322,S102,P1039,20,0
20260322,S102,P1040,7,0
20260322,S103,P1001,15,0
20260322,S103,P1002,9,17
20260322,S103,P1003,9,0
20260322,S103,P1004,7,14
20260322,S103,P1005,15,0
20260322,S103,P1006,7,0
20260322,S103,P1007,4,0
20260322,S103,P1008,6,0
20260322,S103,P1009,48,0
20260322,S103,P1010,5,0
20260322,S103,P1011,9,28
20260322,S103,P1012,25,0
20260322,S103,P1013,29,39
20260322,S103,P1014,5,0
20260322,S103,P1015,15,0
20260322,S103,P1016,13,0
20260322,S103,P1017,210,0
20260322,S103,P1018,18,0
20260322,S103,P1019,5,0
20260322,S103,P1020,7,0
20260322,S103,P1021,9,0
20260322,S103,P1022,10,0
20260322,S103,P1023,48,37
20260322,S103,P1024,9,0
20260322,S103,P1025,29,20
20260322,S103,P1026,22,0
20260322,S103,P1027,21,0
20260322,S103,P1028,47,0
20260322,S103,P1029,15,0
20260322,S103,P1030,8,14
20260322,S103,P1031,36,0
20260322,S103,P1032,32,0
20260322,S103,P1033,21,0
20260322,S103,P1034,8,18
20260322,S103,P1035,10,0
20260322,S103,P1036,8,0
20260322,S103,P1037,8,0
20260322,S103,P1038,6,9
20260322,S103,P1039,33,24
20260322,S103,P1040,9,0
20260322,S104,P1001,15,0
20260322,S104,P1002,9,9
20260322,S104,P1003,20,0
20260322,S104,P1004,5,11
20260322,S104,P1005,4,0
20260322,S104,P1006,3,0
20260322,S104,P1007,21,0
20260322,S104,P1008,5,0
20260322,S104,P1009,19,0
20260322,S104,P1010,9,19
20260322,S104,P1011,9,21
20260322,S104,P1012,7,0
20260322,S104,P1013,15,25
20260322,S104,P1014,8,0
20260322,S104,P1015,20,0
20260322,S104,P1016,12,0
20260322,S104,P1017,13,0
20260322,S104,P1018,9,11
20260322,S104,P1019,23,0
20260322,S104,P1020,14,0
20260322,S104,P1021,24,0
20260322,S104,P1022,11,0
20260322,S104,P1023,12,0
20260322,S104,P1024,7,0
20260322,S104,P1025,21,0
20260322,S104,P1026,22,25
20260322,S104,P1027,9,0
20260322,S104,P1028,2,14
20260322,S104,P1029,6,0
20260322,S104,P1030,4,0
20260322,S104,P1031,15,0
20260322,S104,P1032,5,0
20260322,S104,P1033,13,0
20260322,S104,P1034,23,0
20260322,S104,P1035,19,0
20260322,S104,P1036,6,0
20260322,S104,P1037,23,0
20260322,S104,P1038,4,9
20260322,S104,P1039,6,16
20260322,S104,P1040,32,20
20260322,S105,P1001,41,40
20260322,S105,P1002,5,6
20260322,S105,P1003,11,0
20260322,S105,P1004,9,0
20260322,S105,P1005,23,0
20260322,S105,P1006,10,0
20260322,S105,P1007,10,0
20260322,S105,P1008,12,0
20260322,S105,P1009,17,18
20260322,S105,P1010,28,0
20260322,S105,P1011,116,0
20260322,S105,P1012,10,0
20260322,S105,P1013,77,0
20260322,S105,P1014,6,0
20260322,S105,P1015,17,0
20260322,S105,P1016,7,0
20260322,S105,P1017,17,16
20260322,S105,P1018,23,17
20260322,S105,P1019,37,0
20260322,S105,P1020,20,0
20260322,S105,P1021,29,19
20260322,S105,P1022,26,22
20260322,S105,P1023,18,0
20260322,S105,P1024,5,0
20260322,S105,P1025,17,0
20260322,S105,P1026,13,0
20260322,S105,P1027,18,0
20260322,S105,P1028,10,0
20260322,S105,P1029,12,0
20260322,S105,P1030,11,0
20260322,S105,P1031,29,38
20260322,S105,P1032,8,0
20260322,S105,P1033,37,0
20260322,S105,P1034,9,0
20260322,S105,P1035,25,35
20260322,S105,P1036,15,0
20260322,S105,P1037,30,0
20260322,S105,P1038,10,0
20260322,S105,P1039,14,0
20260322,S105,P1040,22,0
20260322,S106,P1001,59,17
20260322,S106,P1002,26,12
20260322,S106,P1003,36,0
20260322,S106,P1004,26,0
20260322,S106,P1005,103,0
20260322,S106,P1006,15,0
20260322,S106,P1007,46,0
20260322,S106,P1008,51,7
20260322,S106,P1009,83,0
20260322,S106,P1010,43,0
20260322,S106,P1011,84,13
20260322,S106,P1012,49,14
20260322,S106,P1013,133,0
20260322,S106,P1014,17,0
20260322,S106,P1015,95,0
20260322,S106,P1016,22,0
20260322,S106,P1017,25,0
20260322,S106,P1018,22,0
20260322,S106,P1019,62,22
20260322,S106,P1020,14,14
20260322,S106,P1021,84,0
20260322,S106,P1022,54,0
20260322,S106,P1023,54,0
20260322,S106,P1024,40,0
20260322,S106,P1025,58,0
20260322,S106,P1026,28,0
20260322,S106,P1027,58,23
20260322,S106,P1028,48,0
20260322,S106,P1029,40,0
20260322,S106,P1030,18,0
20260322,S106,P1031,37,0
20260322,S106,P1032,12,0
20260322,S106,P1033,68,0
20260322,S106,P1034,30,0
20260322,S106,P1035,39,0
20260322,S106,P1036,35,0
20260322,S106,P1037,74,40
20260322,S106,P1038,33,10
20260322,S106,P1039,64,11
20260322,S106,P1040,39,0
20260322,S107,P1001,47,0
20260322,S107,P1002,17,11
20260322,S107,P1003,39,34
20260322,S107,P1004,19,7
20260322,S107,P1005,41,0
20260322,S107,P1006,34,6
20260322,S107,P1007,56,19
20260322,S107,P1008,29,12
20260322,S107,P1009,64,0
20260322,S107,P1010,13,10
20260322,S107,P1011,91,0
20260322,S107,P1012,28,0
20260322,S107,P1013,36,0
20260322,S107,P1014,20,0
20260322,S107,P1015,20,0
20260322,S107,P1016,37,0
20260322,S107,P1017,79,43
20260322,S107,P1018,18,0
20260322,S107,P1019,58,0
20260322,S107,P1020,16,0
20260322,S107,P1021,51,0
20260322,S107,P1022,79,0
20260322,S107,P1023,55,24
20260322,S107,P1024,46,0
20260322,S107,P1025,59,0
20260322,S107,P1026,25,12
20260322,S107,P1027,149,0
20260322,S107,P1028,33,0
20260322,S107,P1029,47,0
20260322,S107,P1030,49,0
20260322,S107,P1031,19,0
20260322,S107,P1032,11,0
20260322,S107,P1033,40,0
20260322,S107,P1034,27,0
20260322,S107,P1035,56,0
20260322,S107,P1036,19,0
20260322,S107,P1037,44,17
20260322,S107,P1038,28,0
20260322,S107,P1039,121,10
20260322,S107,P1040,47,0
20260322,S108,P1001,52,0
20260322,S108,P1002,74,0
20260322,S108,P1003,44,0
20260322,S108,P1004,22,0
20260322,S108,P1005,58,0
20260322,S108,P1006,21,0
20260322,S108,P1007,88,0
20260322,S108,P1008,37,25
20260322,S108,P1009,91,18
20260322,S108,P1010,7,0
20260322,S108,P1011,64,0
20260322,S108,P1012,40,0
20260322,S108,P1013,38,0
20260322,S108,P1014,40,0
20260322,S108,P1015,28,0
20260322,S108,P1016,21,0
20260322,S108,P1017,35,0
20260322,S108,P1018,28,9
20260322,S108,P1019,33,0
20260322,S108,P1020,35,0
20260322,S108,P1021,36,0
20260322,S108,P1022,18,0
20260322,S108,P1023,50,0
20260322,S108,P1024,51,9
20260322,S108,P1025,16,14
20260322,S108,P1026,40,18
20260322,S108,P1027,102,0
20260322,S108,P1028,48,0
20260322,S108,P1029,20,0
20260322,S108,P1030,14,0
20260322,S108,P1031,116,25
20260322,S108,P1032,22,0
20260322,S108,P1033,15,0
20260322,S108,P1034,13,7
20260322,S108,P1035,63,21
20260322,S108,P1036,16,0
20260322,S108,P1037,58,0
20260322,S108,P1038,14,14
20260322,S108,P1039,32,19
20260322,S108,P1040,33,14
20260322,S109,P1001,47,0
20260322,S109,P1002,22,0
20260322,S109,P1003,36,0
20260322,S109,P1004,12,0
20260322,S109,P1005,37,0
20260322,S109,P1006,22,0
20260322,S109,P1007,19,0
20260322,S109,P1008,24,0
20260322,S109,P1009,43,0
20260322,S109,P1010,33,0
20260322,S109,P1011,10,13
20260322,S109,P1012,64,0
20260322,S109,P1013,50,0
20260322,S109,P1014,47,0
20260322,S109,P1015,53,0
20260322,S109,P1016,29,0
20260322,S109,P1017,35,13
20260322,S109,P1018,25,13
20260322,S109,P1019,51,0
20260322,S109,P1020,31,25
20260322,S109,P1021,45,0
20260322,S109,P1022,33,0
20260322,S109,P1023,53,0
20260322,S109,P1024,18,21
20260322,S109,P1025,35,0
20260322,S109,P1026,22,0
20260322,S109,P1027,40,30
20260322,S109,P1028,22,0
20260322,S109,P1029,46,0
20260322,S109,P1030,24,13
20260322,S109,P1031,51,0
20260322,S109,P1032,45,0
20260322,S109,P1033,74,17
20260322,S109,P1034,41,0
20260322,S109,P1035,120,0
20260322,S109,P1036,45,0
20260322,S109,P1037,96,0
20260322,S109,P1038,23,0
20260322,S109,P1039,56,0
20260322,S109,P1040,15,0
20260322,S111,P1001,5,0
20260322,S111,P1002,28,0
20260322,S111,P1003,40,0
20260322,S111,P1004,16,0
20260322,S111,P1005,24,0
20260322,S111,P1006,8,0
20260322,S111,P1007,41,0
20260322,S111,P1008,29,0
20260322,S111,P1009,22,0
20260322,S111,P1010,7,0
20260322,S111,P1011,16,2
20260322,S111,P1012,10,4
20260322,S111,P1013,48,0
20260322,S111,P1014,11,0
20260322,S111,P1015,31,0
20260322,S111,P1016,9,0
20260322,S111,P1017,15,0
20260322,S111,P1018,5,7
20260322,S111,P1019,50,0
20260322,S111,P1020,14,0
20260322,S111,P1021,7,0
20260322,S111,P1022,10,0
20260322,S111,P1023,5,0
20260322,S111,P1024,23,2
20260322,S111,P1025,37,0
20260322,S111,P1026,18,0
20260322,S111,P1027,52,11
20260322,S111,P1028,44,0
20260322,S111,P1029,65,0
20260322,S111,P1030,21,0
20260322,S111,P1031,11,0
20260322,S111,P1032,24,10
20260322,S111,P1033,15,7
20260322,S111,P1034,8,0
20260322,S111,P1035,29,0
20260322,S111,P1036,17,1
20260322,S111,P1037,71,10
20260322,S111,P1038,36,0
20260322,S111,P1039,66,11
20260322,S111,P1040,11,0
20260322,S112,P1001,46,6
20260322,S112,P1002,24,0
20260322,S112,P1003,11,0
20260322,S112,P1004,7,0
20260322,S112,P1005,31,0
20260322,S112,P1006,29,0
20260322,S112,P1007,21,0
20260322,S112,P1008,46,10
20260322,S112,P1009,23,0
20260322,S112,P1010,27,3
20260322,S112,P1011,40,0
20260322,S112,P1012,2,0
20260322,S112,P1013,22,0
20260322,S112,P1014,13,4
20260322,S112,P1015,26,3
20260322,S112,P1016,13,0
20260322,S112,P1017,21,2
20260322,S112,P1018,32,0
20260322,S112,P1019,35,0
20260322,S112,P1020,8,0
20260322,S112,P1021,39,0
20260322,S112,P1022,11,0
20260322,S112,P1023,44,0
20260322,S112,P1024,34,0
20260322,S112,P1025,28,9
20260322,S112,P1026,32,5
20260322,S112,P1027,52,0
20260322,S112,P1028,14,0
20260322,S112,P1029,13,0
20260322,S112,P1030,13,0
20260322,S112,P1031,25,0
20260322,S112,P1032,7,0
20260322,S112,P1033,18,8
20260322,S112,P1034,14,0
20260322,S112,P1035,11,0
20260322,S112,P1036,10,0
20260322,S112,P1037,38,6
20260322,S112,P1038,24,4
20260322,S112,P1039,11,4
20260322,S112,P1040,24,3
20260322,S113,P1001,59,0
20260322,S113,P1002,23,4
20260322,S113,P1003,10,0
20260322,S113,P1004,22,0
20260322,S113,P1005,34,7
20260322,S113,P1006,9,0
20260322,S113,P1007,44,0
20260322,S113,P1008,15,0
20260322,S113,P1009,59,0
20260322,S113,P1010,32,0
20260322,S113,P1011,25,0
20260322,S113,P1012,32,0
20260322,S113,P1013,19,0
20260322,S113,P1014,8,0
20260322,S113,P1015,17,0
20260322,S113,P1016,13,2
20260322,S113,P1017,21,0
20260322,S113,P1018,27,0
20260322,S113,P1019,3,0
20260322,S113,P1020,14,2
20260322,S113,P1021,42,10
20260322,S113,P1022,23,0
20260322,S113,P1023,23,0
20260322,S113,P1024,46,0
20260322,S113,P1025,36,11
20260322,S113,P1026,11,1
20260322,S113,P1027,8,0
20260322,S113,P1028,22,1
20260322,S113,P1029,22,0
20260322,S113,P1030,28,0
20260322,S113,P1031,39,0
20260322,S113,P1032,5,0
20260322,S113,P1033,36,7
20260322,S113,P1034,17,1
20260322,S113,P1035,49,0
20260322,S113,P1036,13,0
20260322,S113,P1037,27,5
20260322,S113,P1038,24,0
20260322,S113,P1039,39,0
20260322,S113,P1040,23,0
20260322,S114,P1001,20,0
20260322,S114,P1002,33,1
20260322,S114,P1003,28,0
20260322,S114,P1004,30,2
20260322,S114,P1005,6,5
20260322,S114,P1006,38,5
20260322,S114,P1007,20,2
20260322,S114,P1008,7,4
20260322,S114,P1009,55,0
20260322,S114,P1010,24,3
20260322,S114,P1011,15,0
20260322,S114,P1012,44,0
20260322,S114,P1013,23,1
20260322,S114,P1014,16,4
20260322,S114,P1015,44,2
20260322,S114,P1016,25,0
20260322,S114,P1017,22,11
20260322,S114,P1018,12,0
20260322,S114,P1019,59,4
20260322,S114,P1020,32,0
20260322,S114,P1021,37,0
20260322,S114,P1022,10,0
20260322,S114,P1023,36,0
20260322,S114,P1024,28,0
20260322,S114,P1025,26,11
20260322,S114,P1026,5,0
20260322,S114,P1027,20,4
20260322,S114,P1028,13,0
20260322,S114,P1029,22,0
20260322,S114,P1030,5,0
20260322,S114,P1031,19,0
20260322,S114,P1032,38,0
20260322,S114,P1033,13,0
20260322,S114,P1034,20,0
20260322,S114,P1035,40,12
20260322,S114,P1036,34,0
20260322,S114,P1037,46,0
20260322,S114,P1038,14,0
20260322,S114,P1039,87,0
20260322,S114,P1040,20,0
20260322,S115,P1001,5,0
20260322,S115,P1002,7,6
20260322,S115,P1003,21,0
20260322,S115,P1004,12,0
20260322,S115,P1005,30,0
20260322,S115,P1006,7,0
20260322,S115,P1007,80,11
20260322,S115,P1008,12,0
20260322,S115,P1009,20,0
20260322,S115,P1010,48,0
20260322,S115,P1011,47,0
20260322,S115,P1012,7,0
20260322,S115,P1013,9,4
20260322,S115,P1014,6,0
20260322,S115,P1015,6,0
20260322,S115,P1016,8,0
20260322,S115,P1017,40,0
20260322,S115,P1018,9,2
20260322,S115,P1019,8,8
20260322,S115,P1020,12,0
20260322,S115,P1021,10,7
20260322,S115,P1022,1,0
20260322,S115,P1023,10,19
20260322,S115,P1024,11,0
20260322,S115,P1025,8,0
20260322,S115,P1026,4,4
20260322,S115,P1027,12,0
20260322,S115,P1028,20,4
20260322,S115,P1029,62,0
20260322,S115,P1030,10,6
20260322,S115,P1031,16,0
20260322,S115,P1032,37,0
20260322,S115,P1033,10,0
20260322,S115,P1034,15,0
20260322,S115,P1035,16,0
20260322,S115,P1036,6,0
20260322,S115,P1037,23,0
20260322,S115,P1038,1,0
20260322,S115,P1039,39,0
20260322,S115,P1040,8,0
20260322,S116,P1001,18,7
20260322,S116,P1002,13,0
20260322,S116,P1003,20,4
20260322,S116,P1004,10,0
20260322,S116,P1005,21,0
20260322,S116,P1006,6,0
20260322,S116,P1007,7,0
20260322,S116,P1008,5,0
20260322,S116,P1009,11,10
20260322,S116,P1010,7,0
20260322,S116,P1011,61,0
20260322,S116,P1012,3,10
20260322,S116,P1013,18,22
20260322,S116,P1014,6,10
20260322,S116,P1015,31,6
20260322,S116,P1016,5,0
20260322,S116,P1017,22,18
20260322,S116,P1018,2,2
20260322,S116,P1019,4,0
20260322,S116,P1020,6,0
20260322,S116,P1021,16,7
20260322,S116,P1022,20,0
20260322,S116,P1023,16,16
20260322,S116,P1024,16,0
20260322,S116,P1025,19,5
20260322,S116,P1026,7,0
20260322,S116,P1027,7,0
20260322,S116,P1028,7,0
20260322,S116,P1029,18,0
20260322,S116,P1030,16,0
20260322,S116,P1031,18,0
20260322,S116,P1032,2,0
20260322,S116,P1033,21,0
20260322,S116,P1034,5,0
20260322,S116,P1035,6,6
20260322,S116,P1036,7,0
20260322,S116,P1037,8,8
20260322,S116,P1038,21,0
20260322,S116,P1039,23,15
20260322,S116,P1040,10,0
20260322,S117,P1001,8,0
20260322,S117,P1002,3,7
20260322,S117,P1003,24,0
20260322,S117,P1004,8,0
20260322,S117,P1005,23,0
20260322,S117,P1006,7,0
20260322,S117,P1007,32,15
20260322,S117,P1008,5,0
20260322,S117,P1009,26,0
20260322,S117,P1010,3,9
20260322,S117,P1011,6,0
20260322,S117,P1012,12,0
20260322,S117,P1013,28,0
20260322,S117,P1014,18,13
20260322,S117,P1015,20,0
20260322,S117,P1016,8,0
20260322,S117,P1017,29,0
20260322,S117,P1018,10,9
20260322,S117,P1019,39,0
20260322,S117,P1020,5,0
20260322,S117,P1021,76,0
20260322,S117,P1022,13,0
20260322,S117,P1023,6,10
20260322,S117,P1024,3,9
20260322,S117,P1025,39,0
20260322,S117,P1026,10,0
20260322,S117,P1027,21,19
20260322,S117,P1028,12,0
20260322,S117,P1029,10,0
20260322,S117,P1030,16,5
20260322,S117,P1031,24,0
20260322,S117,P1032,12,0
20260322,S117,P1033,15,0
20260322,S117,P1034,7,9
20260322,S117,P1035,7,17
20260322,S117,P1036,4,7
20260322,S117,P1037,26,0
20260322,S117,P1038,6,0
20260322,S117,P1039,16,0
20260322,S117,P1040,17,0
20260322,S118,P1001,8,7
20260322,S118,P1002,11,0
20260322,S118,P1003,38,0
20260322,S118,P1004,9,8
20260322,S118,P1005,31,15
20260322,S118,P1006,10,11
20260322,S118,P1007,11,0
20260322,S118,P1008,7,0
20260322,S118,P1009,11,7
20260322,S118,P1010,25,5
20260322,S118,P1011,8,0
20260322,S118,P1012,3,0
20260322,S118,P1013,20,0
20260322,S118,P1014,8,0
20260322,S118,P1015,30,13
20260322,S118,P1016,11,0
20260322,S118,P1017,15,0
20260322,S118,P1018,8,8
20260322,S118,P1019,4,8
20260322,S118,P1020,9,7
20260322,S118,P1021,9,9
20260322,S118,P1022,12,4
20260322,S118,P1023,7,0
20260322,S118,P1024,3,0
20260322,S118,P1025,12,9
20260322,S118,P1026,7,5
20260322,S118,P1027,10,5
20260322,S118,P1028,5,4
20260322,S118,P1029,39,0
20260322,S118,P1030,18,0
20260322,S118,P1031,37,17
20260322,S118,P1032,4,1
20260322,S118,P1033,8,0
20260322,S118,P1034,3,5
20260322,S118,P1035,16,0
20260322,S118,P1036,6,10
20260322,S118,P1037,30,0
20260322,S118,P1038,14,8
20260322,S118,P1039,22,14
20260322,S118,P1040,4,0
20260322,S119,P1001,17,0
20260322,S119,P1002,7,0
20260322,S119,P1003,14,6
20260322,S119,P1004,5,0
20260322,S119,P1005,22,12
20260322,S119,P1006,8,0
20260322,S119,P1007,15,7
20260322,S119,P1008,13,0
20260322,S119,P1009,41,0
20260322,S119,P1010,7,0
20260322,S119,P1011,17,13
20260322,S119,P1012,4,0
20260322,S119,P1013,16,0
20260322,S119,P1014,10,12
20260322,S119,P1015,21,0
20260322,S119,P1016,6,0
20260322,S119,P1017,13,9
20260322,S119,P1018,8,7
20260322,S119,P1019,-4,0
20260322,S119,P1020,16,0
20260322,S119,P1021,14,0
20260322,S119,P1022,0,0
20260322,S119,P1023,17,8
20260322,S119,P1024,8,0
20260322,S119,P1025,13,0
20260322,S119,P1026,12,0
20260322,S119,P1027,39,13
20260322,S119,P1028,13,0
20260322,S119,P1029,16,7
20260322,S119,P1030,28,0
20260322,S119,P1031,26,20
20260322,S119,P1032,8,4
20260322,S119,P1033,17,0
20260322,S119,P1034,14,0
20260322,S119,P1035,9,0
20260322,S119,P1036,7,6
20260322,S119,P1037,9,0
20260322,S119,P1038,6,8
20260322,S119,P1039,61,0
20260322,S119,P1040,14,0
20260322,S120,P1001,13,0
20260322,S120,P1002,10,3
20260322,S120,P1003,15,13
20260322,S120,P1004,3,0
20260322,S120,P1005,29,11
20260322,S120,P1006,3,0
20260322,S120,P1007,19,0
20260322,S120,P1008,7,6
20260322,S120,P1009,21,0
20260322,S120,P1010,10,0
20260322,S120,P1011,14,0
20260322,S120,P1012,10,11
20260322,S120,P1013,44,0
20260322,S120,P1014,2,0
20260322,S120,P1015,8,0
20260322,S120,P1016,14,0
20260322,S120,P1017,16,4
20260322,S120,P1018,6,5
20260322,S120,P1019,11,0
20260322,S120,P1020,7,0
20260322,S120,P1021,11,10
20260322,S120,P1022,9,0
20260322,S120,P1023,24,14
20260322,S120,P1024,3,4
20260322,S120,P1025,16,0
20260322,S120,P1026,16,0
20260322,S120,P1027,8,7
20260322,S120,P1028,3,0
20260322,S120,P1029,32,0
20260322,S120,P1030,12,0
20260322,S120,P1031,10,0
20260322,S120,P1032,5,0
20260322,S120,P1033,9,0
20260322,S120,P1034,9,0
20260322,S120,P1035,13,10
20260322,S120,P1036,10,0
20260322,S120,P1037,9,0
20260322,S120,P1038,10,6
20260322,S120,P1039,19,19
20260322,S120,P1040,5,5
20260329,S101,P1001,7,0
20260329,S101,P1002,7,18
20260329,S101,P1003,103,22
20260329,S101,P1004,7,0
20260329,S101,P1005,28,23
20260329,S101,P1006,17,0
20260329,S101,P1007,8,0
20260329,S101,P1008,3,10
20260329,S101,P1009,9,0
20260329,S101,P1010,5,0
20260329,S101,P1011,33,0
20260329,S101,P1012,3,0
20260329,S101,P1013,15,0
20260329,S101,P1014,81,0
20260329,S101,P1015,14,0
20260329,S101,P1016,20,14
20260329,S101,P1017,3,18
20260329,S101,P1018,8,0
20260329,S101,P1019,14,0
20260329,S101,P1020,16,0
20260329,S101,P1021,32,0
20260329,S101,P1022,5,8
20260329,S101,P1023,8,0
20260329,S101,P1024,19,0
20260329,S101,P1025,15,0
20260329,S101,P1026,12,0
20260329,S101,P1027,27,23
20260329,S101,P1028,8,0
20260329,S101,P1029,30,36
20260329,S101,P1030,6,0
20260329,S101,P1031,42,0
20260329,S101,P1032,8,15
20260329,S101,P1033,5,0
20260329,S101,P1034,3,14
20260329,S101,P1035,36,0
20260329,S101,P1036,10,0
20260329,S101,P1037,130,0
20260329,S101,P1038,19,0
20260329,S101,P1039,118,0
20260329,S101,P1040,10,12
20260329,S102,P1001,18,0
20260329,S102,P1002,12,0
20260329,S102,P1003,15,0
20260329,S102,P1004,10,5
20260329,S102,P1005,30,0
20260329,S102,P1006,9,12
20260329,S102,P1007,10,15
20260329,S102,P1008,10,12
20260329,S102,P1009,12,0
20260329,S102,P1010,13,0
20260329,S102,P1011,37,0
20260329,S102,P1012,26,32
20260329,S102,P1013,22,0
20260329,S102,P1014,10,20
20260329,S102,P1015,6,17
20260329,S102,P1016,22,0
20260329,S102,P1017,13,0
20260329,S102,P1018,4,0
20260329,S102,P1019,11,0
20260329,S102,P1020,4,0
20260329,S102,P1021,8,0
20260329,S102,P1022,2,16
20260329,S102,P1023,11,20
20260329,S102,P1024,4,0
20260329,S102,P1025,4,0
20260329,S102,P1026,4,0
20260329,S102,P1027,16,26
20260329,S102,P1028,29,0
20260329,S102,P1029,19,0
20260329,S102,P1030,25,0
20260329,S102,P1031,20,0
20260329,S102,P1032,10,0
20260329,S102,P1033,14,0
20260329,S102,P1034,5,5
20260329,S102,P1035,31,0
20260329,S102,P1036,12,0
20260329,S102,P1037,18,34
20260329,S102,P1038,59,0
20260329,S102,P1039,15,0
20260329,S102,P1040,8,0
20260329,S103,P1001,22,0
20260329,S103,P1002,8,0
20260329,S103,P1003,10,0
20260329,S103,P1004,12,0
20260329,S103,P1005,15,0
20260329,S103,P1006,7,0
20260329,S103,P1007,5,0
20260329,S103,P1008,4,0
20260329,S103,P1009,60,0
20260329,S103,P1010,8,0
20260329,S103,P1011,25,0
20260329,S103,P1012,22,7
20260329,S103,P1013,22,0
20260329,S103,P1014,8,0
20260329,S103,P1015,12,0
20260329,S103,P1016,24,0
20260329,S103,P1017,126,0
20260329,S103,P1018,17,0
20260329,S103,P1019,11,0
20260329,S103,P1020,8,0
20260329,S103,P1021,16,0
20260329,S103,P1022,23,25
20260329,S103,P1023,23,0
20260329,S103,P1024,18,0
20260329,S103,P1025,19,0
20260329,S103,P1026,18,0
20260329,S103,P1027,15,0
20260329,S103,P1028,48,0
20260329,S103,P1029,26,38
20260329,S103,P1030,14,0
20260329,S103,P1031,21,29
20260329,S103,P1032,32,0
20260329,S103,P1033,10,28
20260329,S103,P1034,5,0
20260329,S103,P1035,14,0
20260329,S103,P1036,17,13
20260329,S103,P1037,10,0
20260329,S103,P1038,12,0
20260329,S103,P1039,17,15
20260329,S103,P1040,10,5
20260329,S104,P1001,14,13
20260329,S104,P1002,17,0
20260329,S104,P1003,26,26
20260329,S104,P1004,10,0
20260329,S104,P1005,16,0
20260329,S104,P1006,3,0
20260329,S104,P1007,6,0
20260329,S104,P1008,14,20
20260329,S104,P1009,26,0
20260329,S104,P1010,13,0
20260329,S104,P1011,13,0
20260329,S104,P1012,9,0
20260329,S104,P1013,26,23
20260329,S104,P1014,12,7
20260329,S104,P1015,34,0
20260329,S104,P1016,7,8
20260329,S104,P1017,9,23
20260329,S104,P1018,9,9
20260329,S104,P1019,21,58
20260329,S104,P1020,17,0
20260329,S104,P1021,16,0
20260329,S104,P1022,22,6
20260329,S104,P1023,16,0
20260329,S104,P1024,9,0
20260329,S104,P1025,14,0
20260329,S104,P1026,13,0
20260329,S104,P1027,10,21
20260329,S104,P1028,7,0
20260329,S104,P1029,9,14
20260329,S104,P1030,13,14
20260329,S104,P1031,15,16
20260329,S104,P1032,8,0
20260329,S104,P1033,16,0
20260329,S104,P1034,12,0
20260329,S104,P1035,5,16
20260329,S104,P1036,3,0
20260329,S104,P1037,32,48
20260329,S104,P1038,2,0
20260329,S104,P1039,12,25
20260329,S104,P1040,15,0
20260329,S105,P1001,29,0
20260329,S105,P1002,5,0
20260329,S105,P1003,10,0
20260329,S105,P1004,14,17
20260329,S105,P1005,42,0
20260329,S105,P1006,7,0
20260329,S105,P1007,17,24
20260329,S105,P1008,17,0
20260329,S105,P1009,19,0
20260329,S105,P1010,34,11
20260329,S105,P1011,64,0
20260329,S105,P1012,13,0
20260329,S105,P1013,69,0
20260329,S105,P1014,13,0
20260329,S105,P1015,21,14
20260329,S105,P1016,8,0
20260329,S105,P1017,14,26
20260329,S105,P1018,22,0
20260329,S105,P1019,103,0
20260329,S105,P1020,13,0
20260329,S105,P1021,24,0
20260329,S105,P1022,23,0
20260329,S105,P1023,21,16
20260329,S105,P1024,8,9
20260329,S105,P1025,14,0
20260329,S105,P1026,1,0
20260329,S105,P1027,17,0
20260329,S105,P1028,12,0
20260329,S105,P1029,24,0
20260329,S105,P1030,14,0
20260329,S105,P1031,21,0
20260329,S105,P1032,14,9
20260329,S105,P1033,22,0
20260329,S105,P1034,5,0
20260329,S105,P1035,35,0
20260329,S105,P1036,19,17
20260329,S105,P1037,52,0
20260329,S105,P1038,5,0
20260329,S105,P1039,11,0
20260329,S105,P1040,26,0
20260329,S106,P1001,47,0
20260329,S106,P1002,32,0
20260329,S106,P1003,18,11
20260329,S106,P1004,40,0
20260329,S106,P1005,125,29
20260329,S106,P1006,10,2
20260329,S106,P1007,50,0
20260329,S106,P1008,61,0
20260329,S106,P1009,120,0
20260329,S106,P1010,31,0
20260329,S106,P1011,93,0
20260329,S106,P1012,52,0
20260329,S106,P1013,120,27
20260329,S106,P1014,27,0
20260329,S106,P1015,74,0
20260329,S106,P1016,26,5
20260329,S106,P1017,38,12
20260329,S106,P1018,22,0
20260329,S106,P1019,23,17
20260329,S106,P1020,19,0
20260329,S106,P1021,117,0
20260329,S106,P1022,56,11
20260329,S106,P1023,56,35
20260329,S106,P1024,21,0
20260329,S106,P1025,66,29
20260329,S106,P1026,15,9
20260329,S106,P1027,67,24
20260329,S106,P1028,29,0
20260329,S106,P1029,61,0
20260329,S106,P1030,13,0
20260329,S106,P1031,76,0
20260329,S106,P1032,12,0
20260329,S106,P1033,84,0
20260329,S106,P1034,31,10
20260329,S106,P1035,35,33
20260329,S106,P1036,42,0
20260329,S106,P1037,119,38
20260329,S106,P1038,42,0
20260329,S106,P1039,46,0
20260329,S106,P1040,23,0
20260329,S107,P1001,31,15
20260329,S107,P1002,17,0
20260329,S107,P1003,65,0
20260329,S107,P1004,23,13
20260329,S107,P1005,30,0
20260329,S107,P1006,24,0
20260329,S107,P1007,66,0
20260329,S107,P1008,22,0
20260329,S107,P1009,52,23
20260329,S107,P1010,27,0
20260329,S107,P1011,91,0
20260329,S107,P1012,23,0
20260329,S107,P1013,47,0
20260329,S107,P1014,17,0
20260329,S107,P1015,20,21
20260329,S107,P1016,-1,0
20260329,S107,P1017,55,26
20260329,S107,P1018,16,0
20260329,S107,P1019,55,0
20260329,S107,P1020,17,0
20260329,S107,P1021,37,0
20260329,S107,P1022,48,0
20260329,S107,P1023,88,0
20260329,S107,P1024,43,11
20260329,S107,P1025,55,0
20260329,S107,P1026,47,9
20260329,S107,P1027,68,0
20260329,S107,P1028,13,13
20260329,S107,P1029,47,12
20260329,S107,P1030,57,0
20260329,S107,P1031,13,12
20260329,S107,P1032,9,0
20260329,S107,P1033,57,0
20260329,S107,P1034,28,0
20260329,S107,P1035,81,0
20260329,S107,P1036,8,0
20260329,S107,P1037,46,19
20260329,S107,P1038,29,0
20260329,S107,P1039,66,0
20260329,S107,P1040,31,10
20260329,S108,P1001,26,0
20260329,S108,P1002,112,0
20260329,S108,P1003,41,0
20260329,S108,P1004,23,0
20260329,S108,P1005,44,0
20260329,S108,P1006,24,14
20260329,S108,P1007,32,0
20260329,S108,P1008,43,0
20260329,S108,P1009,83,0
20260329,S108,P1010,16,0
20260329,S108,P1011,98,0
20260329,S108,P1012,20,0
20260329,S108,P1013,46,0
20260329,S108,P1014,37,0
20260329,S108,P1015,19,10
20260329,S108,P1016,18,13
20260329,S108,P1017,28,0
20260329,S108,P1018,13,0
20260329,S108,P1019,67,20
20260329,S108,P1020,60,0
20260329,S108,P1021,57,0
20260329,S108,P1022,22,9
20260329,S108,P1023,42,0
20260329,S108,P1024,26,0
20260329,S108,P1025,36,0
20260329,S108,P1026,34,0
20260329,S108,P1027,123,0
20260329,S108,P1028,34,12
20260329,S108,P1029,22,0
20260329,S108,P1030,28,0
20260329,S108,P1031,89,0
20260329,S108,P1032,35,0
20260329,S108,P1033,26,0
20260329,S108,P1034,16,0
20260329,S108,P1035,64,0
20260329,S108,P1036,26,0
20260329,S108,P1037,37,24
20260329,S108,P1038,12,0
20260329,S108,P1039,34,0
20260329,S108,P1040,31,0
20260329,S109,P1001,57,0
20260329,S109,P1002,19,6
20260329,S109,P1003,34,9
20260329,S109,P1004,21,0
20260329,S109,P1005,46,0
20260329,S109,P1006,28,0
20260329,S109,P1007,31,17
20260329,S109,P1008,15,10
20260329,S109,P1009,28,21
20260329,S109,P1010,36,0
20260329,S109,P1011,12,0
20260329,S109,P1012,77,0
20260329,S109,P1013,45,0
20260329,S109,P1014,34,0
20260329,S109,P1015,22,0
20260329,S109,P1016,11,10
20260329,S109,P1017,49,0
20260329,S109,P1018,30,0
20260329,S109,P1019,81,0
20260329,S109,P1020,48,0
20260329,S109,P1021,55,0
20260329,S109,P1022,30,0
20260329,S109,P1023,41,0
20260329,S109,P1024,26,13
20260329,S109,P1025,46,15
20260329,S109,P1026,19,5
20260329,S109,P1027,80,0
20260329,S109,P1028,26,0
20260329,S109,P1029,26,0
20260329,S109,P1030,26,0
20260329,S109,P1031,64,0
20260329,S109,P1032,58,15
20260329,S109,P1033,84,11
20260329,S109,P1034,18,11
20260329,S109,P1035,63,0
20260329,S109,P1036,53,0
20260329,S109,P1037,52,0
20260329,S109,P1038,26,0
20260329,S109,P1039,36,0
20260329,S109,P1040,11,0
20260329,S111,P1001,22,0
20260329,S111,P1002,32,0
20260329,S111,P1003,40,0
20260329,S111,P1004,22,3
20260329,S111,P1005,26,0
20260329,S111,P1006,11,6
20260329,S111,P1007,23,3
20260329,S111,P1008,22,0
20260329,S111,P1009,9,0
20260329,S111,P1010,19,0
20260329,S111,P1011,3,0
20260329,S111,P1012,5,2
20260329,S111,P1013,54,0
20260329,S111,P1014,14,4
20260329,S111,P1015,33,0
20260329,S111,P1016,8,4
20260329,S111,P1017,5,1
20260329,S111,P1018,7,0
20260329,S111,P1019,61,18
20260329,S111,P1020,35,0
20260329,S111,P1021,16,0
20260329,S111,P1022,25,0
20260329,S111,P1023,3,0
20260329,S111,P1024,20,0
20260329,S111,P1025,31,0
20260329,S111,P1026,16,0
20260329,S111,P1027,33,9
20260329,S111,P1028,26,1
20260329,S111,P1029,23,0
20260329,S111,P1030,12,0
20260329,S111,P1031,10,0
20260329,S111,P1032,36,0
20260329,S111,P1033,12,0
20260329,S111,P1034,11,0
20260329,S111,P1035,67,0
20260329,S111,P1036,17,0
20260329,S111,P1037,39,0
20260329,S111,P1038,17,0
20260329,S111,P1039,43,0
20260329,S111,P1040,19,0
20260329,S112,P1001,40,0
20260329,S112,P1002,50,0
20260329,S112,P1003,18,0
20260329,S112,P1004,12,0
20260329,S112,P1005,45,2
20260329,S112,P1006,16,0
20260329,S112,P1007,19,0
20260329,S112,P1008,44,0
20260329,S112,P1009,50,0
20260329,S112,P1010,39,7
20260329,S112,P1011,35,2
20260329,S112,P1012,9,0
20260329,S112,P1013,20,2
20260329,S112,P1014,11,1
20260329,S112,P1015,46,12
20260329,S112,P1016,16,0
20260329,S112,P1017,22,0
20260329,S112,P1018,34,3
20260329,S112,P1019,41,0
20260329,S112,P1020,16,0
20260329,S112,P1021,53,0
20260329,S112,P1022,17,7
20260329,S112,P1023,34,0
20260329,S112,P1024,32,0
20260329,S112,P1025,26,0
20260329,S112,P1026,32,0
20260329,S112,P1027,57,0
20260329,S112,P1028,27,0
20260329,S112,P1029,31,0
20260329,S112,P1030,9,2
20260329,S112,P1031,27,0
20260329,S112,P1032,15,0
20260329,S112,P1033,23,6
20260329,S112,P1034,31,0
20260329,S112,P1035,14,7
20260329,S112,P1036,12,3
20260329,S112,P1037,31,9
20260329,S112,P1038,21,0
20260329,S112,P1039,13,5
20260329,S112,P1040,17,0
20260329,S113,P1001,47,0
20260329,S113,P1002,39,7
20260329,S113,P1003,17,0
20260329,S113,P1004,19,0
20260329,S113,P1005,32,5
20260329,S113,P1006,16,4
20260329,S113,P1007,26,0
20260329,S113,P1008,14,1
20260329,S113,P1009,53,0
20260329,S113,P1010,15,6
20260329,S113,P1011,35,0
20260329,S113,P1012,29,0
20260329,S113,P1013,24,0
20260329,S113,P1014,7,0
20260329,S113,P1015,55,3
20260329,S113,P1016,10,0
20260329,S113,P1017,24,0
20260329,S113,P1018,44,0
20260329,S113,P1019,4,0
20260329,S113,P1020,10,0
20260329,S113,P1021,28,6
20260329,S113,P1022,17,5
20260329,S113,P1023,22,0
20260329,S113,P1024,25,0
20260329,S113,P1025,42,0
20260329,S113,P1026,9,0
20260329,S113,P1027,9,0
20260329,S113,P1028,14,0
20260329,S113,P1029,12,0
20260329,S113,P1030,21,0
20260329,S113,P1031,33,7
20260329,S113,P1032,8,4
20260329,S113,P1033,42,0
20260329,S113,P1034,25,0
20260329,S113,P1035,41,0
20260329,S113,P1036,13,0
20260329,S113,P1037,18,8
20260329,S113,P1038,18,0
20260329,S113,P1039,50,0
20260329,S113,P1040,17,0
20260329,S114,P1001,24,0
20260329,S114,P1002,25,0
20260329,S114,P1003,17,7
20260329,S114,P1004,41,0
20260329,S114,P1005,6,0
20260329,S114,P1006,20,2
20260329,S114,P1007,34,0
20260329,S114,P1008,6,2
20260329,S114,P1009,77,8
20260329,S114,P1010,20,4
20260329,S114,P1011,33,0
20260329,S114,P1012,22,4
20260329,S114,P1013,22,9
20260329,S114,P1014,17,0
20260329,S114,P1015,24,0
20260329,S114,P1016,35,3
20260329,S114,P1017,59,0
20260329,S114,P1018,11,0
20260329,S114,P1019,52,0
20260329,S114,P1020,26,0
20260329,S114,P1021,24,5
20260329,S114,P1022,14,0
20260329,S114,P1023,37,17
20260329,S114,P1024,34,0
20260329,S114,P1025,29,0
20260329,S114,P1026,4,0
20260329,S114,P1027,19,0
20260329,S114,P1028,10,0
20260329,S114,P1029,18,0
20260329,S114,P1030,2,0
20260329,S114,P1031,24,6
20260329,S114,P1032,26,0
20260329,S114,P1033,14,0
20260329,S114,P1034,20,7
20260329,S114,P1035,45,0
20260329,S114,P1036,15,0
20260329,S114,P1037,35,0
20260329,S114,P1038,8,0
20260329,S114,P1039,123,0
20260329,S114,P1040,24,0
20260329,S115,P1001,17,0
20260329,S115,P1002,7,9
20260329,S115,P1003,22,0
20260329,S115,P1004,15,5
20260329,S115,P1005,18,0
20260329,S115,P1006,7,1
20260329,S115,P1007,50,0
20260329,S115,P1008,6,0
20260329,S115,P1009,35,14
20260329,S115,P1010,29,0
20260329,S115,P1011,35,18
20260329,S115,P1012,8,0
20260329,S115,P1013,10,0
20260329,S115,P1014,5,0
20260329,S115,P1015,19,12
20260329,S115,P1016,6,0
20260329,S115,P1017,20,10
20260329,S115,P1018,4,0
20260329,S115,P1019,6,0
20260329,S115,P1020,5,0
20260329,S115,P1021,14,0
20260329,S115,P1022,1,0
20260329,S115,P1023,15,0
20260329,S115,P1024,14,10
20260329,S115,P1025,14,14
20260329,S115,P1026,2,0
20260329,S115,P1027,19,0
20260329,S115,P1028,14,0
20260329,S115,P1029,69,0
20260329,S115,P1030,6,6
20260329,S115,P1031,20,0
20260329,S115,P1032,26,0
20260329,S115,P1033,6,0
20260329,S115,P1034,22,0
20260329,S115,P1035,18,0
20260329,S115,P1036,6,0
20260329,S115,P1037,25,4
20260329,S115,P1038,5,0
20260329,S115,P1039,33,0
20260329,S115,P1040,10,0
20260329,S116,P1001,21,0
20260329,S116,P1002,10,0
20260329,S116,P1003,28,0
20260329,S116,P1004,4,0
20260329,S116,P1005,20,0
20260329,S116,P1006,2,3
20260329,S116,P1007,6,10
20260329,S116,P1008,3,0
20260329,S116,P1009,6,0
20260329,S116,P1010,4,0
20260329,S116,P1011,43,10
20260329,S116,P1012,7,0
20260329,S116,P1013,6,13
20260329,S116,P1014,4,0
20260329,S116,P1015,7,0
20260329,S116,P1016,6,0
20260329,S116,P1017,23,12
20260329,S116,P1018,9,0
20260329,S116,P1019,3,0
20260329,S116,P1020,7,9
20260329,S116,P1021,6,0
20260329,S116,P1022,10,0
20260329,S116,P1023,33,9
20260329,S116,P1024,11,0
20260329,S116,P1025,12,0
20260329,S116,P1026,10,6
20260329,S116,P1027,7,0
20260329,S116,P1028,9,0
20260329,S116,P1029,10,0
20260329,S116,P1030,8,0
20260329,S116,P1031,16,0
20260329,S116,P1032,1,5
20260329,S116,P1033,15,0
20260329,S116,P1034,11,0
20260329,S116,P1035,8,0
20260329,S116,P1036,7,0
20260329,S116,P1037,9,0
20260329,S116,P1038,23,0
20260329,S116,P1039,15,0
20260329,S116,P1040,10,0
20260329,S117,P1001,7,12
20260329,S117,P1002,8,2
20260329,S117,P1003,22,0
20260329,S117,P1004,7,0
20260329,S117,P1005,48,0
20260329,S117,P1006,4,5
20260329,S117,P1007,22,13
20260329,S117,P1008,8,0
20260329,S117,P1009,47,0
20260329,S117,P1010,5,0
20260329,S117,P1011,12,8
20260329,S117,P1012,7,2
20260329,S117,P1013,15,0
20260329,S117,P1014,12,0
20260329,S117,P1015,5,0
20260329,S117,P1016,12,0
20260329,S117,P1017,39,0
20260329,S117,P1018,5,0
20260329,S117,P1019,40,25
20260329,S117,P1020,13,5
20260329,S117,P1021,37,0
20260329,S117,P1022,7,5
20260329,S117,P1023,16,14
20260329,S117,P1024,3,6
20260329,S117,P1025,27,0
20260329,S117,P1026,18,0
20260329,S117,P1027,24,0
20260329,S117,P1028,11,0
20260329,S117,P1029,6,0
20260329,S117,P1030,17,0
20260329,S117,P1031,22,0
20260329,S117,P1032,10,0
20260329,S117,P1033,17,0
20260329,S117,P1034,10,0
20260329,S117,P1035,11,0
20260329,S117,P1036,6,0
20260329,S117,P1037,15,0
20260329,S117,P1038,8,0
20260329,S117,P1039,17,0
20260329,S117,P1040,2,0
20260329,S118,P1001,19,0
20260329,S118,P1002,7,0
20260329,S118,P1003,23,19
20260329,S118,P1004,12,0
20260329,S118,P1005,21,0
20260329,S118,P1006,13,0
20260329,S118,P1007,13,0
20260329,S118,P1008,15,0
20260329,S118,P1009,10,6
20260329,S118,P1010,22,6
20260329,S118,P1011,13,0
20260329,S118,P1012,6,4
20260329,S118,P1013,30,0
20260329,S118,P1014,4,0
20260329,S118,P1015,31,0
20260329,S118,P1016,13,6
20260329,S118,P1017,15,0
20260329,S118,P1018,5,5
20260329,S118,P1019,5,0
20260329,S118,P1020,8,7
20260329,S118,P1021,10,8
20260329,S118,P1022,12,0
20260329,S118,P1023,7,0
20260329,S118,P1024,7,0
20260329,S118,P1025,17,8
20260329,S118,P1026,5,0
20260329,S118,P1027,17,0
20260329,S118,P1028,20,0
20260329,S118,P1029,18,0
20260329,S118,P1030,11,0
20260329,S118,P1031,54,0
20260329,S118,P1032,5,0
20260329,S118,P1033,21,0
20260329,S118,P1034,7,0
20260329,S118,P1035,25,0
20260329,S118,P1036,4,6
20260329,S118,P1037,25,0
20260329,S118,P1038,18,8
20260329,S118,P1039,10,11
20260329,S118,P1040,6,0
20260329,S119,P1001,20,15
20260329,S119,P1002,16,0
20260329,S119,P1003,24,0
20260329,S119,P1004,6,0
20260329,S119,P1005,21,0
20260329,S119,P1006,5,4
20260329,S119,P1007,7,8
20260329,S119,P1008,11,0
20260329,S119,P1009,43,0
20260329,S119,P1010,3,0
20260329,S119,P1011,16,0
20260329,S119,P1012,5,0
20260329,S119,P1013,20,9
20260329,S119,P1014,10,8
20260329,S119,P1015,14,0
20260329,S119,P1016,10,4
20260329,S119,P1017,9,0
20260329,S119,P1018,8,7
20260329,S119,P1019,9,0
20260329,S119,P1020,17,0
20260329,S119,P1021,20,0
20260329,S119,P1022,1,0
20260329,S119,P1023,10,0
20260329,S119,P1024,13,0
20260329,S119,P1025,19,0
20260329,S119,P1026,13,7
20260329,S119,P1027,42,0
20260329,S119,P1028,11,0
20260329,S119,P1029,10,10
20260329,S119,P1030,25,0
20260329,S119,P1031,35,0
20260329,S119,P1032,10,0
20260329,S119,P1033,25,22
20260329,S119,P1034,23,0
20260329,S119,P1035,19,13
20260329,S119,P1036,8,0
20260329,S119,P1037,17,12
20260329,S119,P1038,9,0
20260329,S119,P1039,67,0
20260329,S119,P1040,15,6
20260329,S120,P1001,14,0
20260329,S120,P1002,14,9
20260329,S120,P1003,-5,6
20260329,S120,P1004,5,0
20260329,S120,P1005,31,9
20260329,S120,P1006,15,0
20260329,S120,P1007,25,0
20260329,S120,P1008,3,0
20260329,S120,P1009,21,0
20260329,S120,P1010,6,4
20260329,S120,P1011,13,0
20260329,S120,P1012,9,0
20260329,S120,P1013,26,0
20260329,S120,P1014,4,0
20260329,S120,P1015,11,0
20260329,S120,P1016,18,0
20260329,S120,P1017,45,0
20260329,S120,P1018,13,9
20260329,S120,P1019,10,0
20260329,S120,P1020,3,0
20260329,S120,P1021,20,9
20260329,S120,P1022,3,0
20260329,S120,P1023,23,0
20260329,S120,P1024,10,7
20260329,S120,P1025,17,9
20260329,S120,P1026,6,0
20260329,S120,P1027,10,7
20260329,S120,P1028,4,2
20260329,S120,P1029,30,0
20260329,S120,P1030,15,0
20260329,S120,P1031,16,0
20260329,S120,P1032,7,0
20260329,S120,P1033,14,0
20260329,S120,P1034,6,0
20260329,S120,P1035,8,0
20260329,S120,P1036,8,3
20260329,S120,P1037,15,12
20260329,S120,P1038,11,7
20260329,S120,P1039,33,8
20260329,S120,P1040,9,0
20260405,S101,P1001,11,33
20260405,S101,P1002,5,0
20260405,S101,P1003,119,0
20260405,S101,P1004,8,10
20260405,S101,P1005,12,0
20260405,S101,P1006,9,0
20260405,S101,P1007,11,0
20260405,S101,P1008,8,0
20260405,S101,P1009,9,0
20260405,S101,P1010,4,0
20260405,S101,P1011,24,0
20260405,S101,P1012,7,11
20260405,S101,P1013,14,0
20260405,S101,P1014,85,14
20260405,S101,P1015,20,0
20260405,S101,P1016,14,0
20260405,S101,P1017,13,0
20260405,S101,P1018,17,0
20260405,S101,P1019,12,20
20260405,S101,P1020,3,0
20260405,S101,P1021,12,32
20260405,S101,P1022,2,4
20260405,S101,P1023,19,0
20260405,S101,P1024,13,0
20260405,S101,P1025,10,16
20260405,S101,P1026,2,0
20260405,S101,P1027,26,29
20260405,S101,P1028,10,12
20260405,S101,P1029,26,0
20260405,S101,P1030,9,0
20260405,S101,P1031,53,0
20260405,S101,P1032,3,9
20260405,S101,P1033,15,0
20260405,S101,P1034,10,0
20260405,S101,P1035,15,0
20260405,S101,P1036,8,0
20260405,S101,P1037,103,0
20260405,S101,P1038,23,0
20260405,S101,P1039,182,0
20260405,S101,P1040,6,0
20260405,S102,P1001,14,0
20260405,S102,P1002,11,0
20260405,S102,P1003,29,0
20260405,S102,P1004,9,0
20260405,S102,P1005,30,22
20260405,S102,P1006,21,0
20260405,S102,P1007,12,10
20260405,S102,P1008,6,16
20260405,S102,P1009,28,0
20260405,S102,P1010,9,12
20260405,S102,P1011,44,0
20260405,S102,P1012,28,0
20260405,S102,P1013,15,0
20260405,S102,P1014,12,0
20260405,S102,P1015,7,0
20260405,S102,P1016,16,15
20260405,S102,P1017,30,0
20260405,S102,P1018,5,0
20260405,S102,P1019,18,0
20260405,S102,P1020,5,0
20260405,S102,P1021,14,26
20260405,S102,P1022,1,0
20260405,S102,P1023,5,27
20260405,S102,P1024,4,0
20260405,S102,P1025,10,0
20260405,S102,P1026,5,0
20260405,S102,P1027,15,18
20260405,S102,P1028,35,26
20260405,S102,P1029,6,0
20260405,S102,P1030,17,0
20260405,S102,P1031,14,0
20260405,S102,P1032,7,0
20260405,S102,P1033,17,0
20260405,S102,P1034,9,0
20260405,S102,P1035,24,42
20260405,S102,P1036,4,16
20260405,S102,P1037,9,0
20260405,S102,P1038,53,0
20260405,S102,P1039,10,0
20260405,S102,P1040,11,0
20260405,S103,P1001,29,0
20260405,S103,P1002,11,0
20260405,S103,P1003,13,0
20260405,S103,P1004,13,19
20260405,S103,P1005,23,16
20260405,S103,P1006,9,0
20260405,S103,P1007,8,0
20260405,S103,P1008,8,15
20260405,S103,P1009,28,40
20260405,S103,P1010,8,11
20260405,S103,P1011,9,28
20260405,S103,P1012,9,0
20260405,S103,P1013,19,0
20260405,S103,P1014,7,0
20260405,S103,P1015,13,0
20260405,S103,P1016,10,0
20260405,S103,P1017,98,0
20260405,S103,P1018,25,0
20260405,S103,P1019,19,0
20260405,S103,P1020,2,0
20260405,S103,P1021,13,10
20260405,S103,P1022,13,0
20260405,S103,P1023,57,0
20260405,S103,P1024,22,0
20260405,S103,P1025,27,24
20260405,S103,P1026,18,24
20260405,S103,P1027,13,0
20260405,S103,P1028,45,7
20260405,S103,P1029,11,0
20260405,S103,P1030,12,0
20260405,S103,P1031,12,0
20260405,S103,P1032,35,13
20260405,S103,P1033,14,25
20260405,S103,P1034,6,11
20260405,S103,P1035,9,0
20260405,S103,P1036,24,0
20260405,S103,P1037,9,11
20260405,S103,P1038,12,0
20260405,S103,P1039,19,18
20260405,S103,P1040,1,3
20260405,S104,P1001,21,0
20260405,S104,P1002,8,9
20260405,S104,P1003,11,0
20260405,S104,P1004,13,0
20260405,S104,P1005,18,0
20260405,S104,P1006,9,0
20260405,S104,P1007,7,29
20260405,S104,P1008,9,0
20260405,S104,P1009,26,36
20260405,S104,P1010,14,0
20260405,S104,P1011,18,0
20260405,S104,P1012,4,0
20260405,S104,P1013,22,30
20260405,S104,P1014,13,14
20260405,S104,P1015,21,0
20260405,S104,P1016,12,11
20260405,S104,P1017,16,0
20260405,S104,P1018,8,0
20260405,S104,P1019,22,0
20260405,S104,P1020,15,0
20260405,S104,P1021,10,0
20260405,S104,P1022,12,0
20260405,S104,P1023,25,0
20260405,S104,P1024,14,0
20260405,S104,P1025,12,26
20260405,S104,P1026,19,22
20260405,S104,P1027,11,0
20260405,S104,P1028,10,0
20260405,S104,P1029,11,0
20260405,S104,P1030,9,0
20260405,S104,P1031,15,0
20260405,S104,P1032,4,0
20260405,S104,P1033,11,0
20260405,S104,P1034,9,0
20260405,S104,P1035,16,9
20260405,S104,P1036,5,0
20260405,S104,P1037,24,0
20260405,S104,P1038,4,0
20260405,S104,P1039,4,0
20260405,S104,P1040,19,30
20260405,S105,P1001,30,0
20260405,S105,P1002,8,0
20260405,S105,P1003,8,20
20260405,S105,P1004,22,17
20260405,S105,P1005,25,0
20260405,S105,P1006,10,0
20260405,S105,P1007,20,15
20260405,S105,P1008,19,23
20260405,S105,P1009,29,0
20260405,S105,P1010,41,0
20260405,S105,P1011,98,21
20260405,S105,P1012,5,9
20260405,S105,P1013,56,0
20260405,S105,P1014,8,18
20260405,S105,P1015,25,30
20260405,S105,P1016,14,0
20260405,S105,P1017,12,0
20260405,S105,P1018,6,11
20260405,S105,P1019,53,0
20260405,S105,P1020,11,0
20260405,S105,P1021,21,0
20260405,S105,P1022,21,0
20260405,S105,P1023,18,0
20260405,S105,P1024,9,8
20260405,S105,P1025,20,0
20260405,S105,P1026,10,0
20260405,S105,P1027,32,0
20260405,S105,P1028,12,0
20260405,S105,P1029,18,0
20260405,S105,P1030,22,0
20260405,S105,P1031,24,0
20260405,S105,P1032,9,0
20260405,S105,P1033,21,0
20260405,S105,P1034,6,12
20260405,S105,P1035,23,0
20260405,S105,P1036,13,0
20260405,S105,P1037,57,0
20260405,S105,P1038,9,0
20260405,S105,P1039,9,0
20260405,S105,P1040,26,18
20260405,S106,P1001,61,0
20260405,S106,P1002,27,0
20260405,S106,P1003,70,0
20260405,S106,P1004,12,0
20260405,S106,P1005,110,34
20260405,S106,P1006,14,0
20260405,S106,P1007,37,0
20260405,S106,P1008,23,9
20260405,S106,P1009,106,0
20260405,S106,P1010,18,0
20260405,S106,P1011,72,0
20260405,S106,P1012,19,0
20260405,S106,P1013,124,0
20260405,S106,P1014,19,4
20260405,S106,P1015,64,0
20260405,S106,P1016,53,0
20260405,S106,P1017,19,19
20260405,S106,P1018,24,0
20260405,S106,P1019,24,0
20260405,S106,P1020,24,0
20260405,S106,P1021,63,0
20260405,S106,P1022,61,0
20260405,S106,P1023,73,24
20260405,S106,P1024,34,0
20260405,S106,P1025,44,28
20260405,S106,P1026,14,0
20260405,S106,P1027,62,27
20260405,S106,P1028,25,0
20260405,S106,P1029,77,0
20260405,S106,P1030,25,11
20260405,S106,P1031,98,0
20260405,S106,P1032,10,0
20260405,S106,P1033,58,24
20260405,S106,P1034,28,8
20260405,S106,P1035,42,0
20260405,S106,P1036,45,0
20260405,S106,P1037,168,37
20260405,S106,P1038,27,0
20260405,S106,P1039,69,12
20260405,S106,P1040,20,11
20260405,S107,P1001,21,0
20260405,S107,P1002,23,0
20260405,S107,P1003,66,0
20260405,S107,P1004,40,0
20260405,S107,P1005,31,0
20260405,S107,P1006,23,0
20260405,S107,P1007,54,0
20260405,S107,P1008,20,0
20260405,S107,P1009,41,0
20260405,S107,P1010,48,7
20260405,S107,P1011,56,0
20260405,S107,P1012,26,13
20260405,S107,P1013,29,0
20260405,S107,P1014,13,0
20260405,S107,P1015,29,0
20260405,S107,P1016,16,0
20260405,S107,P1017,79,0
20260405,S107,P1018,18,6
20260405,S107,P1019,53,0
20260405,S107,P1020,31,0
20260405,S107,P1021,64,0
20260405,S107,P1022,62,16
20260405,S107,P1023,49,0
20260405,S107,P1024,29,0
20260405,S107,P1025,66,26
20260405,S107,P1026,44,0
20260405,S107,P1027,56,0
20260405,S107,P1028,40,9
20260405,S107,P1029,47,18
20260405,S107,P1030,45,0
20260405,S107,P1031,18,0
20260405,S107,P1032,10,10
20260405,S107,P1033,32,0
20260405,S107,P1034,51,0
20260405,S107,P1035,108,33
20260405,S107,P1036,9,7
20260405,S107,P1037,34,0
20260405,S107,P1038,32,0
20260405,S107,P1039,82,0
20260405,S107,P1040,22,0
20260405,S108,P1001,68,0
20260405,S108,P1002,34,12
20260405,S108,P1003,26,0
20260405,S108,P1004,24,0
20260405,S108,P1005,49,20
20260405,S108,P1006,37,0
20260405,S108,P1007,43,0
20260405,S108,P1008,55,0
20260405,S108,P1009,74,0
20260405,S108,P1010,15,0
20260405,S108,P1011,69,38
20260405,S108,P1012,33,0
20260405,S108,P1013,37,0
20260405,S108,P1014,37,0
20260405,S108,P1015,15,0
20260405,S108,P1016,14,0
20260405,S108,P1017,27,13
20260405,S108,P1018,3,0
20260405,S108,P1019,39,0
20260405,S108,P1020,21,0
20260405,S108,P1021,-1,0
20260405,S108,P1022,25,0
20260405,S108,P1023,37,0
20260405,S108,P1024,30,15
20260405,S108,P1025,44,0
20260405,S108,P1026,40,0
20260405,S108,P1027,115,21
20260405,S108,P1028,22,10
20260405,S108,P1029,13,0
20260405,S108,P1030,24,13
20260405,S108,P1031,51,33
20260405,S108,P1032,16,0
20260405,S108,P1033,20,0
20260405,S108,P1034,19,0
20260405,S108,P1035,106,24
20260405,S108,P1036,21,0
20260405,S108,P1037,67,0
20260405,S108,P1038,31,0
20260405,S108,P1039,46,0
20260405,S108,P1040,18,15
20260405,S109,P1001,59,0
20260405,S109,P1002,20,0
20260405,S109,P1003,53,0
20260405,S109,P1004,13,0
20260405,S109,P1005,23,14
20260405,S109,P1006,32,0
20260405,S109,P1007,25,0
20260405,S109,P1008,21,12
20260405,S109,P1009,54,0
20260405,S109,P1010,16,0
20260405,S109,P1011,12,0
20260405,S109,P1012,67,0
20260405,S109,P1013,53,0
20260405,S109,P1014,9,12
20260405,S109,P1015,48,0
20260405,S109,P1016,17,8
20260405,S109,P1017,24,0
20260405,S109,P1018,23,0
20260405,S109,P1019,92,0
20260405,S109,P1020,40,17
20260405,S109,P1021,58,12
20260405,S109,P1022,39,0
20260405,S109,P1023,35,0
20260405,S109,P1024,15,9
20260405,S109,P1025,44,15
20260405,S109,P1026,18,0
20260405,S109,P1027,81,0
20260405,S109,P1028,19,0
20260405,S109,P1029,50,0
20260405,S109,P1030,39,6
20260405,S109,P1031,72,20
20260405,S109,P1032,60,0
20260405,S109,P1033,66,12
20260405,S109,P1034,12,0
20260405,S109,P1035,86,0
20260405,S109,P1036,48,0
20260405,S109,P1037,71,0
20260405,S109,P1038,18,0
20260405,S109,P1039,67,0
20260405,S109,P1040,22,4
20260405,S110,P1001,57,0
20260405,S110,P1002,12,0
20260405,S110,P1003,58,0
20260405,S110,P1004,51,0
20260405,S110,P1005,76,0
20260405,S110,P1006,54,0
20260405,S110,P1007,55,0
20260405,S110,P1008,50,0
20260405,S110,P1009,67,0
20260405,S110,P1010,22,0
20260405,S110,P1011,140,0
20260405,S110,P1012,24,0
20260405,S110,P1013,87,0
20260405,S110,P1014,28,9
20260405,S110,P1015,41,20
20260405,S110,P1016,17,0
20260405,S110,P1017,43,0
20260405,S110,P1018,18,0
20260405,S110,P1019,57,18
20260405,S110,P1020,51,0
20260405,S110,P1021,84,24
20260405,S110,P1022,22,0
20260405,S110,P1023,127,0
20260405,S110,P1024,23,0
20260405,S110,P1025,49,0
20260405,S110,P1026,44,15
20260405,S110,P1027,55,0
20260405,S110,P1028,25,6
20260405,S110,P1029,99,29
20260405,S110,P1030,34,7
20260405,S110,P1031,69,0
20260405,S110,P1032,90,28
20260405,S110,P1033,80,15
20260405,S110,P1034,25,0
20260405,S110,P1035,18,0
20260405,S110,P1036,71,0
20260405,S110,P1037,81,0
20260405,S110,P1038,23,0
20260405,S110,P1039,19,0
20260405,S110,P1040,25,0
20260405,S111,P1001,17,7
20260405,S111,P1002,23,11
20260405,S111,P1003,46,0
20260405,S111,P1004,18,0
20260405,S111,P1005,42,3
20260405,S111,P1006,9,0
20260405,S111,P1007,16,0
20260405,S111,P1008,26,0
20260405,S111,P1009,6,0
20260405,S111,P1010,18,0
20260405,S111,P1011,12,2
20260405,S111,P1012,13,0
20260405,S111,P1013,42,0
20260405,S111,P1014,7,0
20260405,S111,P1015,35,0
20260405,S111,P1016,8,0
20260405,S111,P1017,13,0
20260405,S111,P1018,2,0
20260405,S111,P1019,47,10
20260405,S111,P1020,24,1
20260405,S111,P1021,16,0
20260405,S111,P1022,13,0
20260405,S111,P1023,3,0
20260405,S111,P1024,25,0
20260405,S111,P1025,32,5
20260405,S111,P1026,18,0
20260405,S111,P1027,24,0
20260405,S111,P1028,17,0
20260405,S111,P1029,27,11
20260405,S111,P1030,23,0
20260405,S111,P1031,2,0
20260405,S111,P1032,46,0
20260405,S111,P1033,24,6
20260405,S111,P1034,16,0
20260405,S111,P1035,36,0
20260405,S111,P1036,12,0
20260405,S111,P1037,68,0
20260405,S111,P1038,21,0
20260405,S111,P1039,54,0
20260405,S111,P1040,14,0
20260405,S112,P1001,38,0
20260405,S112,P1002,20,0
20260405,S112,P1003,13,0
20260405,S112,P1004,9,0
20260405,S112,P1005,49,0
20260405,S112,P1006,11,0
20260405,S112,P1007,12,0
20260405,S112,P1008,29,0
20260405,S112,P1009,39,0
20260405,S112,P1010,29,0
20260405,S112,P1011,62,0
20260405,S112,P1012,9,0
20260405,S112,P1013,11,0
20260405,S112,P1014,15,0
20260405,S112,P1015,38,9
20260405,S112,P1016,13,0
20260405,S112,P1017,22,0
20260405,S112,P1018,22,5
20260405,S112,P1019,54,5
20260405,S112,P1020,15,0
20260405,S112,P1021,58,0
20260405,S112,P1022,21,0
20260405,S112,P1023,30,10
20260405,S112,P1024,21,0
20260405,S112,P1025,-1,0
20260405,S112,P1026,19,9
20260405,S112,P1027,48,0
20260405,S112,P1028,18,0
20260405,S112,P1029,28,0
20260405,S112,P1030,15,0
20260405,S112,P1031,22,5
20260405,S112,P1032,6,2
20260405,S112,P1033,31,8
20260405,S112,P1034,32,0
20260405,S112,P1035,27,8
20260405,S112,P1036,15,0
20260405,S112,P1037,42,0
20260405,S112,P1038,25,0
20260405,S112,P1039,42,0
20260405,S112,P1040,24,0
20260405,S113,P1001,42,0
20260405,S113,P1002,23,0
20260405,S113,P1003,8,0
20260405,S113,P1004,23,0
20260405,S113,P1005,45,6
20260405,S113,P1006,11,0
20260405,S113,P1007,45,0
20260405,S113,P1008,4,0
20260405,S113,P1009,57,0
20260405,S113,P1010,21,0
20260405,S113,P1011,27,0
20260405,S113,P1012,43,4
20260405,S113,P1013,10,0
20260405,S113,P1014,1,0
20260405,S113,P1015,31,0
20260405,S113,P1016,13,1
20260405,S113,P1017,18,0
20260405,S113,P1018,27,6
20260405,S113,P1019,2,4
20260405,S113,P1020,9,0
20260405,S113,P1021,39,0
20260405,S113,P1022,22,0
20260405,S113,P1023,11,0
20260405,S113,P1024,28,0
20260405,S113,P1025,42,11
20260405,S113,P1026,9,0
20260405,S113,P1027,8,0
20260405,S113,P1028,20,0
20260405,S113,P1029,29,0
20260405,S113,P1030,16,5
20260405,S113,P1031,38,8
20260405,S113,P1032,9,0
20260405,S113,P1033,19,0
20260405,S113,P1034,17,0
20260405,S113,P1035,55,14
20260405,S113,P1036,5,0
20260405,S113,P1037,20,7
20260405,S113,P1038,34,4
20260405,S113,P1039,37,5
20260405,S113,P1040,35,5
20260405,S114,P1001,15,0
20260405,S114,P1002,23,0
20260405,S114,P1003,20,0
20260405,S114,P1004,40,0
20260405,S114,P1005,13,2
20260405,S114,P1006,19,0
20260405,S114,P1007,31,7
20260405,S114,P1008,10,0
20260405,S114,P1009,78,0
20260405,S114,P1010,18,0
20260405,S114,P1011,29,0
20260405,S114,P1012,21,4
20260405,S114,P1013,45,2
20260405,S114,P1014,10,4
20260405,S114,P1015,34,0
20260405,S114,P1016,22,0
20260405,S114,P1017,49,6
20260405,S114,P1018,7,2
20260405,S114,P1019,44,0
20260405,S114,P1020,49,0
20260405,S114,P1021,31,0
20260405,S114,P1022,7,0
20260405,S114,P1023,42,0
20260405,S114,P1024,18,0
20260405,S114,P1025,19,0
20260405,S114,P1026,3,1
20260405,S114,P1027,18,8
20260405,S114,P1028,18,0
20260405,S114,P1029,29,0
20260405,S114,P1030,3,5
20260405,S114,P1031,19,0
20260405,S114,P1032,25,0
20260405,S114,P1033,24,5
20260405,S114,P1034,27,0
20260405,S114,P1035,29,0
20260405,S114,P1036,23,0
20260405,S114,P1037,26,0
20260405,S114,P1038,19,0
20260405,S114,P1039,70,5
20260405,S114,P1040,23,2
20260405,S115,P1001,15,15
20260405,S115,P1002,7,2
20260405,S115,P1003,39,0
20260405,S115,P1004,11,0
20260405,S115,P1005,23,0
20260405,S115,P1006,4,0
20260405,S115,P1007,53,0
20260405,S115,P1008,8,0
20260405,S115,P1009,39,0
20260405,S115,P1010,26,0
20260405,S115,P1011,31,0
20260405,S115,P1012,9,0
20260405,S115,P1013,8,0
20260405,S115,P1014,12,7
20260405,S115,P1015,7,0
20260405,S115,P1016,10,0
20260405,S115,P1017,5,0
20260405,S115,P1018,7,0
20260405,S115,P1019,7,10
20260405,S115,P1020,6,3
20260405,S115,P1021,8,7
20260405,S115,P1022,3,0
20260405,S115,P1023,14,0
20260405,S115,P1024,13,0
20260405,S115,P1025,14,0
20260405,S115,P1026,3,0
20260405,S115,P1027,18,0
20260405,S115,P1028,10,0
20260405,S115,P1029,86,0
20260405,S115,P1030,4,5
20260405,S115,P1031,17,11
20260405,S115,P1032,35,5
20260405,S115,P1033,6,0
20260405,S115,P1034,14,0
20260405,S115,P1035,23,0
20260405,S115,P1036,7,0
20260405,S115,P1037,26,0
20260405,S115,P1038,3,0
20260405,S115,P1039,28,0
20260405,S115,P1040,8,0
20260405,S116,P1001,14,0
20260405,S116,P1002,17,0
20260405,S116,P1003,27,4
20260405,S116,P1004,9,6
20260405,S116,P1005,26,0
20260405,S116,P1006,4,0
20260405,S116,P1007,16,0
20260405,S116,P1008,6,0
20260405,S116,P1009,11,0
20260405,S116,P1010,6,10
20260405,S116,P1011,49,0
20260405,S116,P1012,11,0
20260405,S116,P1013,16,15
20260405,S116,P1014,7,0
20260405,S116,P1015,16,0
20260405,S116,P1016,15,0
20260405,S116,P1017,23,13
20260405,S116,P1018,5,0
20260405,S116,P1019,9,0
20260405,S116,P1020,13,6
20260405,S116,P1021,4,0
20260405,S116,P1022,26,0
20260405,S116,P1023,17,11
20260405,S116,P1024,12,0
20260405,S116,P1025,16,0
20260405,S116,P1026,7,0
20260405,S116,P1027,12,8
20260405,S116,P1028,13,0
20260405,S116,P1029,8,0
20260405,S116,P1030,25,0
20260405,S116,P1031,24,0
20260405,S116,P1032,2,0
20260405,S116,P1033,20,0
20260405,S116,P1034,9,0
20260405,S116,P1035,13,0
20260405,S116,P1036,4,0
20260405,S116,P1037,12,0
20260405,S116,P1038,20,0
20260405,S116,P1039,31,0
20260405,S116,P1040,17,6
20260405,S117,P1001,6,0
20260405,S117,P1002,7,0
20260405,S117,P1003,25,0
20260405,S117,P1004,21,0
20260405,S117,P1005,25,0
20260405,S117,P1006,10,8
20260405,S117,P1007,29,0
20260405,S117,P1008,14,0
20260405,S117,P1009,36,14
20260405,S117,P1010,6,0
20260405,S117,P1011,3,0
20260405,S117,P1012,5,0
20260405,S117,P1013,10,14
20260405,S117,P1014,14,0
20260405,S117,P1015,3,0
20260405,S117,P1016,7,5
20260405,S117,P1017,24,0
20260405,S117,P1018,16,8
20260405,S117,P1019,65,0
20260405,S117,P1020,7,0
20260405,S117,P1021,39,0
20260405,S117,P1022,8,0
20260405,S117,P1023,11,10
20260405,S117,P1024,4,0
20260405,S117,P1025,39,8
20260405,S117,P1026,14,0
20260405,S117,P1027,55,0
20260405,S117,P1028,11,13
20260405,S117,P1029,16,0
20260405,S117,P1030,21,0
20260405,S117,P1031,42,0
20260405,S117,P1032,7,0
20260405,S117,P1033,8,13
20260405,S117,P1034,9,0
20260405,S117,P1035,15,10
20260405,S117,P1036,7,0
20260405,S117,P1037,14,8
20260405,S117,P1038,2,0
20260405,S117,P1039,11,0
20260405,S117,P1040,12,6
20260405,S118,P1001,10,10
20260405,S118,P1002,20,4
20260405,S118,P1003,28,0
20260405,S118,P1004,8,0
20260405,S118,P1005,22,0
20260405,S118,P1006,14,0
20260405,S118,P1007,15,0
20260405,S118,P1008,12,0
20260405,S118,P1009,15,0
20260405,S118,P1010,28,0
20260405,S118,P1011,7,0
20260405,S118,P1012,2,1
20260405,S118,P1013,22,0
20260405,S118,P1014,6,0
20260405,S118,P1015,25,0
20260405,S118,P1016,9,0
20260405,S118,P1017,9,0
20260405,S118,P1018,12,0
20260405,S118,P1019,14,0
20260405,S118,P1020,8,0
20260405,S118,P1021,9,7
20260405,S118,P1022,6,0
20260405,S118,P1023,10,8
20260405,S118,P1024,1,0
20260405,S118,P1025,21,0
20260405,S118,P1026,9,0
20260405,S118,P1027,10,8
20260405,S118,P1028,12,0
20260405,S118,P1029,15,13
20260405,S118,P1030,20,0
20260405,S118,P1031,42,0
20260405,S118,P1032,7,8
20260405,S118,P1033,19,0
20260405,S118,P1034,11,0
20260405,S118,P1035,37,0
20260405,S118,P1036,8,0
20260405,S118,P1037,16,0
20260405,S118,P1038,28,9
20260405,S118,P1039,13,0
20260405,S118,P1040,7,0
20260405,S119,P1001,23,6
20260405,S119,P1002,5,5
20260405,S119,P1003,18,0
20260405,S119,P1004,7,4
20260405,S119,P1005,19,0
20260405,S119,P1006,13,1
20260405,S119,P1007,14,0
20260405,S119,P1008,16,0
20260405,S119,P1009,39,0
20260405,S119,P1010,8,5
20260405,S119,P1011,26,0
20260405,S119,P1012,4,0
20260405,S119,P1013,25,0
20260405,S119,P1014,16,0
20260405,S119,P1015,11,0
20260405,S119,P1016,4,0
20260405,S119,P1017,6,7
20260405,S119,P1018,19,0
20260405,S119,P1019,10,6
20260405,S119,P1020,18,0
20260405,S119,P1021,25,11
20260405,S119,P1022,3,0
20260405,S119,P1023,19,0
20260405,S119,P1024,8,9
20260405,S119,P1025,11,0
20260405,S119,P1026,8,0
20260405,S119,P1027,41,11
20260405,S119,P1028,15,3
20260405,S119,P1029,9,0
20260405,S119,P1030,29,5
20260405,S119,P1031,33,0
20260405,S119,P1032,10,0
20260405,S119,P1033,22,0
20260405,S119,P1034,11,0
20260405,S119,P1035,12,0
20260405,S119,P1036,7,0
20260405,S119,P1037,11,0
20260405,S119,P1038,14,4
20260405,S119,P1039,48,0
20260405,S119,P1040,26,0
20260405,S120,P1001,7,7
20260405,S120,P1002,10,0
20260405,S120,P1003,13,7
20260405,S120,P1004,7,2
20260405,S120,P1005,46,0
20260405,S120,P1006,1,0
20260405,S120,P1007,9,0
20260405,S120,P1008,4,0
20260405,S120,P1009,23,0
20260405,S120,P1010,8,0
20260405,S120,P1011,15,0
20260405,S120,P1012,9,8
20260405,S120,P1013,25,0
20260405,S120,P1014,3,0
20260405,S120,P1015,22,0
20260405,S120,P1016,11,0
20260405,S120,P1017,40,0
20260405,S120,P1018,6,4
20260405,S120,P1019,10,0
20260405,S120,P1020,11,7
20260405,S120,P1021,17,9
20260405,S120,P1022,3,7
20260405,S120,P1023,28,0
20260405,S120,P1024,3,0
20260405,S120,P1025,20,0
20260405,S120,P1026,10,0
20260405,S120,P1027,13,6
20260405,S120,P1028,4,0
20260405,S120,P1029,15,0
20260405,S120,P1030,6,0
20260405,S120,P1031,18,0
20260405,S120,P1032,6,0
20260405,S120,P1033,11,0
20260405,S120,P1034,7,0
20260405,S120,P1035,10,0
20260405,S120,P1036,7,0
20260405,S120,P1037,8,0
20260405,S120,P1038,6,0
20260405,S120,P1039,26,0
20260405,S120,P1040,10,0
20260412,S101,P1001,8,30
20260412,S101,P1002,4,0
20260412,S101,P1003,103,0
20260412,S101,P1004,5,11
20260412,S101,P1005,11,0
20260412,S101,P1006,21,14
20260412,S101,P1007,9,0
20260412,S101,P1008,10,0
20260412,S101,P1009,8,0
20260412,S101,P1010,4,0
20260412,S101,P1011,25,28
20260412,S101,P1012,5,0
20260412,S101,P1013,19,16
20260412,S101,P1014,70,0
20260412,S101,P1015,15,0
20260412,S101,P1016,16,0
20260412,S101,P1017,19,0
20260412,S101,P1018,12,0
20260412,S101,P1019,11,0
20260412,S101,P1020,4,10
20260412,S101,P1021,18,0
20260412,S101,P1022,6,5
20260412,S101,P1023,17,32
20260412,S101,P1024,9,0
20260412,S101,P1025,20,14
20260412,S101,P1026,9,0
20260412,S101,P1027,10,0
20260412,S101,P1028,15,0
20260412,S101,P1029,33,0
20260412,S101,P1030,9,0
20260412,S101,P1031,46,0
20260412,S101,P1032,6,0
20260412,S101,P1033,13,0
20260412,S101,P1034,5,11
20260412,S101,P1035,19,0
20260412,S101,P1036,9,0
20260412,S101,P1037,82,0
20260412,S101,P1038,16,16
20260412,S101,P1039,155,46
20260412,S101,P1040,2,0
20260412,S102,P1001,7,0
20260412,S102,P1002,3,8
20260412,S102,P1003,14,0
20260412,S102,P1004,5,0
20260412,S102,P1005,25,0
20260412,S102,P1006,13,0
20260412,S102,P1007,4,26
20260412,S102,P1008,9,0
20260412,S102,P1009,5,24
20260412,S102,P1010,17,13
20260412,S102,P1011,37,0
20260412,S102,P1012,27,0
20260412,S102,P1013,10,24
20260412,S102,P1014,7,0
20260412,S102,P1015,4,0
20260412,S102,P1016,20,0
20260412,S102,P1017,18,0
20260412,S102,P1018,5,11
20260412,S102,P1019,12,0
20260412,S102,P1020,3,0
20260412,S102,P1021,24,48
20260412,S102,P1022,3,0
20260412,S102,P1023,7,30
20260412,S102,P1024,7,0
20260412,S102,P1025,10,0
20260412,S102,P1026,0,0
20260412,S102,P1027,6,0
20260412,S102,P1028,16,0
20260412,S102,P1029,18,0
20260412,S102,P1030,20,14
20260412,S102,P1031,12,0
20260412,S102,P1032,4,0
20260412,S102,P1033,18,0
20260412,S102,P1034,5,0
20260412,S102,P1035,30,0
20260412,S102,P1036,8,0
20260412,S102,P1037,24,0
20260412,S102,P1038,60,11
20260412,S102,P1039,5,0
20260412,S102,P1040,7,0
20260412,S103,P1001,22,0
20260412,S103,P1002,11,15
20260412,S103,P1003,22,0
20260412,S103,P1004,11,0
20260412,S103,P1005,18,0
20260412,S103,P1006,11,0
20260412,S103,P1007,15,0
20260412,S103,P1008,4,0
20260412,S103,P1009,47,40
20260412,S103,P1010,7,0
20260412,S103,P1011,11,0
20260412,S103,P1012,10,0
20260412,S103,P1013,36,31
20260412,S103,P1014,4,11
20260412,S103,P1015,20,0
20260412,S103,P1016,7,0
20260412,S103,P1017,56,0
20260412,S103,P1018,20,0
20260412,S103,P1019,14,21
20260412,S103,P1020,10,13
20260412,S103,P1021,18,0
20260412,S103,P1022,13,26
20260412,S103,P1023,28,51
20260412,S103,P1024,11,0
20260412,S103,P1025,35,0
20260412,S103,P1026,17,0
20260412,S103,P1027,13,15
20260412,S103,P1028,35,0
20260412,S103,P1029,26,0
20260412,S103,P1030,7,0
20260412,S103,P1031,16,0
20260412,S103,P1032,44,10
20260412,S103,P1033,18,28
20260412,S103,P1034,8,0
20260412,S103,P1035,4,0
20260412,S103,P1036,17,0
20260412,S103,P1037,13,0
20260412,S103,P1038,12,0
20260412,S103,P1039,20,19
20260412,S103,P1040,8,0
20260412,S104,P1001,22,0
20260412,S104,P1002,6,15
20260412,S104,P1003,15,35
20260412,S104,P1004,7,0
20260412,S104,P1005,21,0
20260412,S104,P1006,5,11
20260412,S104,P1007,19,0
20260412,S104,P1008,20,0
20260412,S104,P1009,20,32
20260412,S104,P1010,17,10
20260412,S104,P1011,5,0
20260412,S104,P1012,7,0
20260412,S104,P1013,19,0
20260412,S104,P1014,8,0
20260412,S104,P1015,5,28
20260412,S104,P1016,10,13
20260412,S104,P1017,8,0
20260412,S104,P1018,8,0
20260412,S104,P1019,18,57
20260412,S104,P1020,22,21
20260412,S104,P1021,9,0
20260412,S104,P1022,10,6
20260412,S104,P1023,18,20
20260412,S104,P1024,8,11
20260412,S104,P1025,14,18
20260412,S104,P1026,18,0
20260412,S104,P1027,7,17
20260412,S104,P1028,9,0
20260412,S104,P1029,11,0
20260412,S104,P1030,10,0
20260412,S104,P1031,14,0
20260412,S104,P1032,5,13
20260412,S104,P1033,11,0
20260412,S104,P1034,8,0
20260412,S104,P1035,12,0
20260412,S104,P1036,11,5
20260412,S104,P1037,26,0
20260412,S104,P1038,8,7
20260412,S104,P1039,18,0
20260412,S104,P1040,32,0
20260412,S105,P1001,25,0
20260412,S105,P1002,7,11
20260412,S105,P1003,14,0
20260412,S105,P1004,4,0
20260412,S105,P1005,13,0
20260412,S105,P1006,15,0
20260412,S105,P1007,5,0
20260412,S105,P1008,33,0
20260412,S105,P1009,17,0
20260412,S105,P1010,43,11
20260412,S105,P1011,87,0
20260412,S105,P1012,7,0
20260412,S105,P1013,59,24
20260412,S105,P1014,10,0
20260412,S105,P1015,11,0
20260412,S105,P1016,7,0
20260412,S105,P1017,14,0
20260412,S105,P1018,18,0
20260412,S105,P1019,72,0
20260412,S105,P1020,14,10
20260412,S105,P1021,23,0
20260412,S105,P1022,19,12
20260412,S105,P1023,9,29
20260412,S105,P1024,9,0
20260412,S105,P1025,13,0
20260412,S105,P1026,19,20
20260412,S105,P1027,22,0
20260412,S105,P1028,17,20
20260412,S105,P1029,22,0
20260412,S105,P1030,13,21
20260412,S105,P1031,26,0
20260412,S105,P1032,22,9
20260412,S105,P1033,19,33
20260412,S105,P1034,6,0
20260412,S105,P1035,33,0
20260412,S105,P1036,6,0
20260412,S105,P1037,71,0
20260412,S105,P1038,13,0
20260412,S105,P1039,18,0
20260412,S105,P1040,43,0
20260412,S106,P1001,45,0
20260412,S106,P1002,18,0
20260412,S106,P1003,41,0
20260412,S106,P1004,37,12
20260412,S106,P1005,83,0
20260412,S106,P1006,9,0
20260412,S106,P1007,33,0
20260412,S106,P1008,32,0
20260412,S106,P1009,143,15
20260412,S106,P1010,19,0
20260412,S106,P1011,73,16
20260412,S106,P1012,38,14
20260412,S106,P1013,83,0
20260412,S106,P1014,16,0
20260412,S106,P1015,78,0
20260412,S106,P1016,37,0
20260412,S106,P1017,22,0
20260412,S106,P1018,25,0
20260412,S106,P1019,16,14
20260412,S106,P1020,27,0
20260412,S106,P1021,80,0
20260412,S106,P1022,65,0
20260412,S106,P1023,58,0
20260412,S106,P1024,44,0
20260412,S106,P1025,71,0
20260412,S106,P1026,25,0
20260412,S106,P1027,47,31
20260412,S106,P1028,17,8
20260412,S106,P1029,38,0
20260412,S106,P1030,29,0
20260412,S106,P1031,111,22
20260412,S106,P1032,10,0
20260412,S106,P1033,112,30
20260412,S106,P1034,19,0
20260412,S106,P1035,93,31
20260412,S106,P1036,29,0
20260412,S106,P1037,137,0
20260412,S106,P1038,30,0
20260412,S106,P1039,60,0
20260412,S106,P1040,17,0
20260412,S107,P1001,25,0
20260412,S107,P1002,4,0
20260412,S107,P1003,110,0
20260412,S107,P1004,40,14
20260412,S107,P1005,41,10
20260412,S107,P1006,33,8
20260412,S107,P1007,75,0
20260412,S107,P1008,27,10
20260412,S107,P1009,35,0
20260412,S107,P1010,36,0
20260412,S107,P1011,122,0
20260412,S107,P1012,28,10
20260412,S107,P1013,47,0
20260412,S107,P1014,17,0
20260412,S107,P1015,44,21
20260412,S107,P1016,35,0
20260412,S107,P1017,56,37
20260412,S107,P1018,34,0
20260412,S107,P1019,35,0
20260412,S107,P1020,24,0
20260412,S107,P1021,37,10
20260412,S107,P1022,44,0
20260412,S107,P1023,54,0
20260412,S107,P1024,35,17
20260412,S107,P1025,64,0
20260412,S107,P1026,25,0
20260412,S107,P1027,64,0
20260412,S107,P1028,38,0
20260412,S107,P1029,62,0
20260412,S107,P1030,31,9
20260412,S107,P1031,12,0
20260412,S107,P1032,12,0
20260412,S107,P1033,41,0
20260412,S107,P1034,46,8
20260412,S107,P1035,75,0
20260412,S107,P1036,31,0
20260412,S107,P1037,29,0
20260412,S107,P1038,39,0
20260412,S107,P1039,65,15
20260412,S107,P1040,26,9
20260412,S108,P1001,75,0
20260412,S108,P1002,73,0
20260412,S108,P1003,37,12
20260412,S108,P1004,29,0
20260412,S108,P1005,43,0
20260412,S108,P1006,20,16
20260412,S108,P1007,50,0
20260412,S108,P1008,54,0
20260412,S108,P1009,159,0
20260412,S108,P1010,9,0
20260412,S108,P1011,78,22
20260412,S108,P1012,26,8
20260412,S108,P1013,26,0
20260412,S108,P1014,31,0
20260412,S108,P1015,18,18
20260412,S108,P1016,11,0
20260412,S108,P1017,21,0
20260412,S108,P1018,18,8
20260412,S108,P1019,37,0
20260412,S108,P1020,45,0
20260412,S108,P1021,40,20
20260412,S108,P1022,25,0
20260412,S108,P1023,29,0
20260412,S108,P1024,63,0
20260412,S108,P1025,44,0
20260412,S108,P1026,24,0
20260412,S108,P1027,70,0
20260412,S108,P1028,40,0
20260412,S108,P1029,25,26
20260412,S108,P1030,22,0
20260412,S108,P1031,145,0
20260412,S108,P1032,19,0
20260412,S108,P1033,39,0
20260412,S108,P1034,24,0
20260412,S108,P1035,41,0
20260412,S108,P1036,29,0
20260412,S108,P1037,30,0
20260412,S108,P1038,15,0
20260412,S108,P1039,31,0
20260412,S108,P1040,43,0
20260412,S109,P1001,68,0
20260412,S109,P1002,14,0
20260412,S109,P1003,42,0
20260412,S109,P1004,8,3
20260412,S109,P1005,34,10
20260412,S109,P1006,31,17
20260412,S109,P1007,26,0
20260412,S109,P1008,15,0
20260412,S109,P1009,33,0
20260412,S109,P1010,13,13
20260412,S109,P1011,19,0
20260412,S109,P1012,45,0
20260412,S109,P1013,46,0
20260412,S109,P1014,39,0
20260412,S109,P1015,98,11
20260412,S109,P1016,15,8
20260412,S109,P1017,26,0
20260412,S109,P1018,19,0
20260412,S109,P1019,110,0
20260412,S109,P1020,37,0
20260412,S109,P1021,44,0
20260412,S109,P1022,45,17
20260412,S109,P1023,37,10
20260412,S109,P1024,27,17
20260412,S109,P1025,33,0
20260412,S109,P1026,17,4
20260412,S109,P1027,100,0
20260412,S109,P1028,19,4
20260412,S109,P1029,33,18
20260412,S109,P1030,21,10
20260412,S109,P1031,67,24
20260412,S109,P1032,53,0
20260412,S109,P1033,75,0
20260412,S109,P1034,18,0
20260412,S109,P1035,78,27
20260412,S109,P1036,45,0
20260412,S109,P1037,61,0
20260412,S109,P1038,11,0
20260412,S109,P1039,53,0
20260412,S109,P1040,17,0
20260412,S110,P1001,52,0
20260412,S110,P1002,12,10
20260412,S110,P1003,104,0
20260412,S110,P1004,30,0
20260412,S110,P1005,63,0
20260412,S110,P1006,51,0
20260412,S110,P1007,46,0
20260412,S110,P1008,52,9
20260412,S110,P1009,109,24
20260412,S110,P1010,17,10
20260412,S110,P1011,119,0
20260412,S110,P1012,27,0
20260412,S110,P1013,33,0
20260412,S110,P1014,10,0
20260412,S110,P1015,30,0
20260412,S110,P1016,10,0
20260412,S110,P1017,33,0
20260412,S110,P1018,30,0
20260412,S110,P1019,33,0
20260412,S110,P1020,54,23
20260412,S110,P1021,91,19
20260412,S110,P1022,26,0
20260412,S110,P1023,79,0
20260412,S110,P1024,47,0
20260412,S110,P1025,33,0
20260412,S110,P1026,52,8
20260412,S110,P1027,20,25
20260412,S110,P1028,23,0
20260412,S110,P1029,92,37
20260412,S110,P1030,25,8
20260412,S110,P1031,43,0
20260412,S110,P1032,55,0
20260412,S110,P1033,74,20
20260412,S110,P1034,21,24
20260412,S110,P1035,28,0
20260412,S110,P1036,39,0
20260412,S110,P1037,35,0
20260412,S110,P1038,38,15
20260412,S110,P1039,19,19
20260412,S110,P1040,40,0
20260412,S111,P1001,10,0
20260412,S111,P1002,20,0
20260412,S111,P1003,112,0
20260412,S111,P1004,21,0
20260412,S111,P1005,38,2
20260412,S111,P1006,10,0
20260412,S111,P1007,11,0
20260412,S111,P1008,29,2
20260412,S111,P1009,15,0
20260412,S111,P1010,17,0
20260412,S111,P1011,18,0
20260412,S111,P1012,7,0
20260412,S111,P1013,58,9
20260412,S111,P1014,17,0
20260412,S111,P1015,28,7
20260412,S111,P1016,10,1
20260412,S111,P1017,8,5
20260412,S111,P1018,9,4
20260412,S111,P1019,34,0
20260412,S111,P1020,46,0
20260412,S111,P1021,12,0
20260412,S111,P1022,17,0
20260412,S111,P1023,4,0
20260412,S111,P1024,31,4
20260412,S111,P1025,27,6
20260412,S111,P1026,12,0
20260412,S111,P1027,36,0
20260412,S111,P1028,33,5
20260412,S111,P1029,34,0
20260412,S111,P1030,20,4
20260412,S111,P1031,11,0
20260412,S111,P1032,36,0
20260412,S111,P1033,16,0
20260412,S111,P1034,12,0
20260412,S111,P1035,40,0
20260412,S111,P1036,16,0
20260412,S111,P1037,39,0
20260412,S111,P1038,26,6
20260412,S111,P1039,50,0
20260412,S111,P1040,12,2
20260412,S112,P1001,33,0
20260412,S112,P1002,30,5
20260412,S112,P1003,15,0
20260412,S112,P1004,3,0
20260412,S112,P1005,40,0
20260412,S112,P1006,22,0
20260412,S112,P1007,20,0
20260412,S112,P1008,41,3
20260412,S112,P1009,32,0
20260412,S112,P1010,31,6
20260412,S112,P1011,30,0
20260412,S112,P1012,17,0
20260412,S112,P1013,16,0
20260412,S112,P1014,31,0
20260412,S112,P1015,50,0
20260412,S112,P1016,11,0
20260412,S112,P1017,11,0
20260412,S112,P1018,32,4
20260412,S112,P1019,35,0
20260412,S112,P1020,8,0
20260412,S112,P1021,37,0
20260412,S112,P1022,28,0
20260412,S112,P1023,49,8
20260412,S112,P1024,21,0
20260412,S112,P1025,42,0
20260412,S112,P1026,26,13
20260412,S112,P1027,42,7
20260412,S112,P1028,15,2
20260412,S112,P1029,32,0
20260412,S112,P1030,13,2
20260412,S112,P1031,24,0
20260412,S112,P1032,13,0
20260412,S112,P1033,39,0
20260412,S112,P1034,20,0
20260412,S112,P1035,16,6
20260412,S112,P1036,12,0
20260412,S112,P1037,42,0
20260412,S112,P1038,19,0
20260412,S112,P1039,22,0
20260412,S112,P1040,19,2
20260412,S113,P1001,39,13
20260412,S113,P1002,14,0
20260412,S113,P1003,14,0
20260412,S113,P1004,26,6
20260412,S113,P1005,20,0
20260412,S113,P1006,5,0
20260412,S113,P1007,20,0
20260412,S113,P1008,14,1
20260412,S113,P1009,55,0
20260412,S113,P1010,40,0
20260412,S113,P1011,51,0
20260412,S113,P1012,32,0
20260412,S113,P1013,14,0
20260412,S113,P1014,6,3
20260412,S113,P1015,36,7
20260412,S113,P1016,7,0
20260412,S113,P1017,28,0
20260412,S113,P1018,33,6
20260412,S113,P1019,4,2
20260412,S113,P1020,8,0
20260412,S113,P1021,51,0
20260412,S113,P1022,22,7
20260412,S113,P1023,15,2
20260412,S113,P1024,28,0
20260412,S113,P1025,39,0
20260412,S113,P1026,16,0
20260412,S113,P1027,14,6
20260412,S113,P1028,26,4
20260412,S113,P1029,57,0
20260412,S113,P1030,17,3
20260412,S113,P1031,26,6
20260412,S113,P1032,5,0
20260412,S113,P1033,28,9
20260412,S113,P1034,9,0
20260412,S113,P1035,61,0
20260412,S113,P1036,5,0
20260412,S113,P1037,14,7
20260412,S113,P1038,34,0
20260412,S113,P1039,39,9
20260412,S113,P1040,25,0
20260412,S114,P1001,19,0
20260412,S114,P1002,16,3
20260412,S114,P1003,25,0
20260412,S114,P1004,35,0
20260412,S114,P1005,5,0
20260412,S114,P1006,40,0
20260412,S114,P1007,32,0
20260412,S114,P1008,8,3
20260412,S114,P1009,71,0
20260412,S114,P1010,19,1
20260412,S114,P1011,35,0
20260412,S114,P1012,28,0
20260412,S114,P1013,36,0
20260412,S114,P1014,8,0
20260412,S114,P1015,29,0
20260412,S114,P1016,21,0
20260412,S114,P1017,23,0
20260412,S114,P1018,12,0
20260412,S114,P1019,33,0
20260412,S114,P1020,33,5
20260412,S114,P1021,23,0
20260412,S114,P1022,8,0
20260412,S114,P1023,56,0
20260412,S114,P1024,41,0
20260412,S114,P1025,14,0
20260412,S114,P1026,5,0
20260412,S114,P1027,25,0
20260412,S114,P1028,8,7
20260412,S114,P1029,19,10
20260412,S114,P1030,2,0
20260412,S114,P1031,17,0
20260412,S114,P1032,19,0
20260412,S114,P1033,14,3
20260412,S114,P1034,13,3
20260412,S114,P1035,23,13
20260412,S114,P1036,33,0
20260412,S114,P1037,22,0
20260412,S114,P1038,17,2
20260412,S114,P1039,57,10
20260412,S114,P1040,11,0
20260412,S115,P1001,17,0
20260412,S115,P1002,8,0
20260412,S115,P1003,34,0
20260412,S115,P1004,12,0
20260412,S115,P1005,14,0
20260412,S115,P1006,6,0
20260412,S115,P1007,48,0
20260412,S115,P1008,7,0
20260412,S115,P1009,39,0
20260412,S115,P1010,33,0
20260412,S115,P1011,43,0
20260412,S115,P1012,20,0
20260412,S115,P1013,17,0
20260412,S115,P1014,4,0
20260412,S115,P1015,10,0
20260412,S115,P1016,11,0
20260412,S115,P1017,21,0
20260412,S115,P1018,5,0
20260412,S115,P1019,11,4
20260412,S115,P1020,7,0
20260412,S115,P1021,12,0
20260412,S115,P1022,0,0
20260412,S115,P1023,20,0
20260412,S115,P1024,13,3
20260412,S115,P1025,12,0
20260412,S115,P1026,1,0
20260412,S115,P1027,21,10
20260412,S115,P1028,12,0
20260412,S115,P1029,53,0
20260412,S115,P1030,6,7
20260412,S115,P1031,20,0
20260412,S115,P1032,15,0
20260412,S115,P1033,4,14
20260412,S115,P1034,7,9
20260412,S115,P1035,35,0
20260412,S115,P1036,7,0
20260412,S115,P1037,12,0
20260412,S115,P1038,5,0
20260412,S115,P1039,28,0
20260412,S115,P1040,6,0
20260412,S116,P1001,18,0
20260412,S116,P1002,15,2
20260412,S116,P1003,11,7
20260412,S116,P1004,7,0
20260412,S116,P1005,17,0
20260412,S116,P1006,5,0
20260412,S116,P1007,11,4
20260412,S116,P1008,5,7
20260412,S116,P1009,6,7
20260412,S116,P1010,4,5
20260412,S116,P1011,31,3
20260412,S116,P1012,9,0
20260412,S116,P1013,13,0
20260412,S116,P1014,2,0
20260412,S116,P1015,24,0
20260412,S116,P1016,10,7
20260412,S116,P1017,32,0
20260412,S116,P1018,7,6
20260412,S116,P1019,5,0
20260412,S116,P1020,10,0
20260412,S116,P1021,11,0
20260412,S116,P1022,33,0
20260412,S116,P1023,11,0
20260412,S116,P1024,17,0
20260412,S116,P1025,9,12
20260412,S116,P1026,7,0
20260412,S116,P1027,5,0
20260412,S116,P1028,8,6
20260412,S116,P1029,14,0
20260412,S116,P1030,13,7
20260412,S116,P1031,11,0
20260412,S116,P1032,4,4
20260412,S116,P1033,21,9
20260412,S116,P1034,5,0
20260412,S116,P1035,8,0
20260412,S116,P1036,6,0
20260412,S116,P1037,20,0
20260412,S116,P1038,13,13
20260412,S116,P1039,39,0
20260412,S116,P1040,11,0
20260412,S117,P1001,4,0
20260412,S117,P1002,6,0
20260412,S117,P1003,20,14
20260412,S117,P1004,6,0
20260412,S117,P1005,28,0
20260412,S117,P1006,6,0
20260412,S117,P1007,17,0
20260412,S117,P1008,1,3
20260412,S117,P1009,34,0
20260412,S117,P1010,9,0
20260412,S117,P1011,8,0
20260412,S117,P1012,5,3
20260412,S117,P1013,15,0
20260412,S117,P1014,26,0
20260412,S117,P1015,13,0
20260412,S117,P1016,10,0
20260412,S117,P1017,16,0
20260412,S117,P1018,9,5
20260412,S117,P1019,74,0
20260412,S117,P1020,6,0
20260412,S117,P1021,58,0
20260412,S117,P1022,6,0
20260412,S117,P1023,14,0
20260412,S117,P1024,11,0
20260412,S117,P1025,75,15
20260412,S117,P1026,8,9
20260412,S117,P1027,23,17
20260412,S117,P1028,17,0
20260412,S117,P1029,10,0
20260412,S117,P1030,17,0
20260412,S117,P1031,20,12
20260412,S117,P1032,6,0
20260412,S117,P1033,31,0
20260412,S117,P1034,20,0
20260412,S117,P1035,19,0
20260412,S117,P1036,3,0
20260412,S117,P1037,6,0
20260412,S117,P1038,6,0
20260412,S117,P1039,17,0
20260412,S117,P1040,6,0
20260412,S118,P1001,15,0
20260412,S118,P1002,12,0
20260412,S118,P1003,22,12
20260412,S118,P1004,12,12
20260412,S118,P1005,20,0
20260412,S118,P1006,19,9
20260412,S118,P1007,16,0
20260412,S118,P1008,6,7
20260412,S118,P1009,6,0
20260412,S118,P1010,15,0
20260412,S118,P1011,10,8
20260412,S118,P1012,11,0
20260412,S118,P1013,26,12
20260412,S118,P1014,4,0
20260412,S118,P1015,24,17
20260412,S118,P1016,8,0
20260412,S118,P1017,18,0
20260412,S118,P1018,7,0
20260412,S118,P1019,6,0
20260412,S118,P1020,13,0
20260412,S118,P1021,13,0
20260412,S118,P1022,17,9
20260412,S118,P1023,9,0
20260412,S118,P1024,5,6
20260412,S118,P1025,16,0
20260412,S118,P1026,13,6
20260412,S118,P1027,14,0
20260412,S118,P1028,9,0
20260412,S118,P1029,17,0
20260412,S118,P1030,21,6
20260412,S118,P1031,41,18
20260412,S118,P1032,10,0
20260412,S118,P1033,26,0
20260412,S118,P1034,13,4
20260412,S118,P1035,21,14
20260412,S118,P1036,5,0
20260412,S118,P1037,24,0
20260412,S118,P1038,16,0
20260412,S118,P1039,18,0
20260412,S118,P1040,7,0
20260412,S119,P1001,9,0
20260412,S119,P1002,7,8
20260412,S119,P1003,15,0
20260412,S119,P1004,11,0
20260412,S119,P1005,17,12
20260412,S119,P1006,11,0
20260412,S119,P1007,10,0
20260412,S119,P1008,15,0
20260412,S119,P1009,46,8
20260412,S119,P1010,10,3
20260412,S119,P1011,18,0
20260412,S119,P1012,4,0
20260412,S119,P1013,11,0
20260412,S119,P1014,9,0
20260412,S119,P1015,12,0
20260412,S119,P1016,8,0
20260412,S119,P1017,9,0
20260412,S119,P1018,14,0
20260412,S119,P1019,7,8
20260412,S119,P1020,26,0
20260412,S119,P1021,40,0
20260412,S119,P1022,11,6
20260412,S119,P1023,20,0
20260412,S119,P1024,5,14
20260412,S119,P1025,20,0
20260412,S119,P1026,5,0
20260412,S119,P1027,73,0
20260412,S119,P1028,12,2
20260412,S119,P1029,7,0
20260412,S119,P1030,17,0
20260412,S119,P1031,18,25
20260412,S119,P1032,7,0
20260412,S119,P1033,26,0
20260412,S119,P1034,9,9
20260412,S119,P1035,17,0
20260412,S119,P1036,17,0
20260412,S119,P1037,11,0
20260412,S119,P1038,11,7
20260412,S119,P1039,52,0
20260412,S119,P1040,16,7
20260412,S120,P1001,10,0
20260412,S120,P1002,27,0
20260412,S120,P1003,14,0
20260412,S120,P1004,2,0
20260412,S120,P1005,17,0
20260412,S120,P1006,7,8
20260412,S120,P1007,16,0
20260412,S120,P1008,8,0
20260412,S120,P1009,41,9
20260412,S120,P1010,6,0
20260412,S120,P1011,22,0
20260412,S120,P1012,21,8
20260412,S120,P1013,16,0
20260412,S120,P1014,4,0
20260412,S120,P1015,13,8
20260412,S120,P1016,32,0
20260412,S120,P1017,59,6
20260412,S120,P1018,16,0
20260412,S120,P1019,15,0
20260412,S120,P1020,6,0
20260412,S120,P1021,23,5
20260412,S120,P1022,10,8
20260412,S120,P1023,25,0
20260412,S120,P1024,4,0
20260412,S120,P1025,21,16
20260412,S120,P1026,9,0
20260412,S120,P1027,7,0
20260412,S120,P1028,4,4
20260412,S120,P1029,18,0
20260412,S120,P1030,5,0
20260412,S120,P1031,14,0
20260412,S120,P1032,4,0
20260412,S120,P1033,15,0
20260412,S120,P1034,8,0
20260412,S120,P1035,3,5
20260412,S120,P1036,11,0
20260412,S120,P1037,10,0
20260412,S120,P1038,16,0
20260412,S120,P1039,22,0
20260412,S120,P1040,11,0
20260419,S101,P1001,7,0
20260419,S101,P1002,0,0
20260419,S101,P1003,165,28
20260419,S101,P1004,18,0
20260419,S101,P1005,9,0
20260419,S101,P1006,12,0
20260419,S101,P1007,12,19
20260419,S101,P1008,7,0
20260419,S101,P1009,14,18
20260419,S101,P1010,7,0
20260419,S101,P1011,21,0
20260419,S101,P1012,6,0
20260419,S101,P1013,24,0
20260419,S101,P1014,133,18
20260419,S101,P1015,25,0
20260419,S101,P1016,21,0
20260419,S101,P1017,12,0
20260419,S101,P1018,15,18
20260419,S101,P1019,13,0
20260419,S101,P1020,8,0
20260419,S101,P1021,22,0
20260419,S101,P1022,2,0
20260419,S101,P1023,14,0
20260419,S101,P1024,4,0
20260419,S101,P1025,9,0
20260419,S101,P1026,2,0
20260419,S101,P1027,26,23
20260419,S101,P1028,12,0
20260419,S101,P1029,14,0
20260419,S101,P1030,13,0
20260419,S101,P1031,48,37
20260419,S101,P1032,3,0
20260419,S101,P1033,15,12
20260419,S101,P1034,10,0
20260419,S101,P1035,26,0
20260419,S101,P1036,9,0
20260419,S101,P1037,76,29
20260419,S101,P1038,22,0
20260419,S101,P1039,193,0
20260419,S101,P1040,7,0
20260419,S102,P1001,14,27
20260419,S102,P1002,5,0
20260419,S102,P1003,10,0
20260419,S102,P1004,5,0
20260419,S102,P1005,29,24
20260419,S102,P1006,11,0
20260419,S102,P1007,7,0
20260419,S102,P1008,10,6
20260419,S102,P1009,10,0
20260419,S102,P1010,21,0
20260419,S102,P1011,51,0
20260419,S102,P1012,34,0
20260419,S102,P1013,17,0
20260419,S102,P1014,6,0
20260419,S102,P1015,4,0
20260419,S102,P1016,22,0
20260419,S102,P1017,14,0
20260419,S102,P1018,7,0
20260419,S102,P1019,11,0
20260419,S102,P1020,2,0
20260419,S102,P1021,14,0
20260419,S102,P1022,2,0
20260419,S102,P1023,10,0
20260419,S102,P1024,8,12
20260419,S102,P1025,10,0
20260419,S102,P1026,10,0
20260419,S102,P1027,15,29
20260419,S102,P1028,40,0
20260419,S102,P1029,16,0
20260419,S102,P1030,47,21
20260419,S102,P1031,11,0
20260419,S102,P1032,6,0
20260419,S102,P1033,21,0
20260419,S102,P1034,7,0
20260419,S102,P1035,32,53
20260419,S102,P1036,8,0
20260419,S102,P1037,17,36
20260419,S102,P1038,63,5
20260419,S102,P1039,11,0
20260419,S102,P1040,11,20
20260419,S103,P1001,34,0
20260419,S103,P1002,9,0
20260419,S103,P1003,28,0
20260419,S103,P1004,8,0
20260419,S103,P1005,15,0
20260419,S103,P1006,5,0
20260419,S103,P1007,8,0
20260419,S103,P1008,14,16
20260419,S103,P1009,23,34
20260419,S103,P1010,11,13
20260419,S103,P1011,10,0
20260419,S103,P1012,11,0
20260419,S103,P1013,18,43
20260419,S103,P1014,2,0
20260419,S103,P1015,17,26
20260419,S103,P1016,18,0
20260419,S103,P1017,101,0
20260419,S103,P1018,17,26
20260419,S103,P1019,12,0
20260419,S103,P1020,5,6
20260419,S103,P1021,4,0
20260419,S103,P1022,17,0
20260419,S103,P1023,28,0
20260419,S103,P1024,18,0
20260419,S103,P1025,26,0
20260419,S103,P1026,12,0
20260419,S103,P1027,20,0
20260419,S103,P1028,61,6
20260419,S103,P1029,31,0
20260419,S103,P1030,6,0
20260419,S103,P1031,14,23
20260419,S103,P1032,18,0
20260419,S103,P1033,19,29
20260419,S103,P1034,12,33
20260419,S103,P1035,20,0
20260419,S103,P1036,16,0
20260419,S103,P1037,6,7
20260419,S103,P1038,11,0
20260419,S103,P1039,16,15
20260419,S103,P1040,6,0
20260419,S104,P1001,19,13
20260419,S104,P1002,6,0
20260419,S104,P1003,10,33
20260419,S104,P1004,8,0
20260419,S104,P1005,12,22
20260419,S104,P1006,3,0
20260419,S104,P1007,3,0
20260419,S104,P1008,9,0
20260419,S104,P1009,14,0
20260419,S104,P1010,16,0
20260419,S104,P1011,17,0
20260419,S104,P1012,1,0
20260419,S104,P1013,27,21
20260419,S104,P1014,10,0
20260419,S104,P1015,23,0
20260419,S104,P1016,5,11
20260419,S104,P1017,12,0
20260419,S104,P1018,18,18
20260419,S104,P1019,34,37
20260419,S104,P1020,19,29
20260419,S104,P1021,17,17
20260419,S104,P1022,7,9
20260419,S104,P1023,7,16
20260419,S104,P1024,18,0
20260419,S104,P1025,21,22
20260419,S104,P1026,14,15
20260419,S104,P1027,15,0
20260419,S104,P1028,9,0
20260419,S104,P1029,10,11
20260419,S104,P1030,6,0
20260419,S104,P1031,12,0
20260419,S104,P1032,2,0
20260419,S104,P1033,12,18
20260419,S104,P1034,9,15
20260419,S104,P1035,17,0
20260419,S104,P1036,4,0
20260419,S104,P1037,23,0
20260419,S104,P1038,6,14
20260419,S104,P1039,8,0
20260419,S104,P1040,18,0
20260419,S105,P1001,12,0
20260419,S105,P1002,8,0
20260419,S105,P1003,12,0
20260419,S105,P1004,14,0
20260419,S105,P1005,31,0
20260419,S105,P1006,8,0
20260419,S105,P1007,14,0
20260419,S105,P1008,13,0
20260419,S105,P1009,6,32
20260419,S105,P1010,40,0
20260419,S105,P1011,122,31
20260419,S105,P1012,9,4
20260419,S105,P1013,94,0
20260419,S105,P1014,17,14
20260419,S105,P1015,20,28
20260419,S105,P1016,9,0
20260419,S105,P1017,13,0
20260419,S105,P1018,14,0
20260419,S105,P1019,67,0
20260419,S105,P1020,10,15
20260419,S105,P1021,26,16
20260419,S105,P1022,35,0
20260419,S105,P1023,15,0
20260419,S105,P1024,5,0
20260419,S105,P1025,9,30
20260419,S105,P1026,9,24
20260419,S105,P1027,28,0
20260419,S105,P1028,21,0
20260419,S105,P1029,25,0
20260419,S105,P1030,3,0
20260419,S105,P1031,21,31
20260419,S105,P1032,13,0
20260419,S105,P1033,14,0
20260419,S105,P1034,12,0
20260419,S105,P1035,17,0
20260419,S105,P1036,10,0
20260419,S105,P1037,62,0
20260419,S105,P1038,6,12
20260419,S105,P1039,8,0
20260419,S105,P1040,40,0
20260419,S106,P1001,93,0
20260419,S106,P1002,36,7
20260419,S106,P1003,37,0
20260419,S106,P1004,25,0
20260419,S106,P1005,84,25
20260419,S106,P1006,4,0
20260419,S106,P1007,25,0
20260419,S106,P1008,36,0
20260419,S106,P1009,42,0
20260419,S106,P1010,31,0
20260419,S106,P1011,68,16
20260419,S106,P1012,44,0
20260419,S106,P1013,96,0
20260419,S106,P1014,18,7
20260419,S106,P1015,58,0
20260419,S106,P1016,41,0
20260419,S106,P1017,32,0
20260419,S106,P1018,19,6
20260419,S106,P1019,43,19
20260419,S106,P1020,20,0
20260419,S106,P1021,114,32
20260419,S106,P1022,77,0
20260419,S106,P1023,74,30
20260419,S106,P1024,9,11
20260419,S106,P1025,64,0
20260419,S106,P1026,26,0
20260419,S106,P1027,66,0
20260419,S106,P1028,41,0
20260419,S106,P1029,36,28
20260419,S106,P1030,15,0
20260419,S106,P1031,50,30
20260419,S106,P1032,7,0
20260419,S106,P1033,64,0
20260419,S106,P1034,27,0
20260419,S106,P1035,35,0
20260419,S106,P1036,21,0
20260419,S106,P1037,62,36
20260419,S106,P1038,39,0
20260419,S106,P1039,48,0
20260419,S106,P1040,38,12
20260419,S107,P1001,25,0
20260419,S107,P1002,10,0
20260419,S107,P1003,59,0
20260419,S107,P1004,32,0
20260419,S107,P1005,28,0
20260419,S107,P1006,32,0
20260419,S107,P1007,53,0
20260419,S107,P1008,29,13
20260419,S107,P1009,37,0
20260419,S107,P1010,32,8
20260419,S107,P1011,71,0
20260419,S107,P1012,26,0
20260419,S107,P1013,29,0
20260419,S107,P1014,16,8
20260419,S107,P1015,36,0
20260419,S107,P1016,32,14
20260419,S107,P1017,63,0
20260419,S107,P1018,18,0
20260419,S107,P1019,52,0
20260419,S107,P1020,29,0
20260419,S107,P1021,43,0
20260419,S107,P1022,75,21
20260419,S107,P1023,53,0
20260419,S107,P1024,66,0
20260419,S107,P1025,53,24
20260419,S107,P1026,37,0
20260419,S107,P1027,86,29
20260419,S107,P1028,30,0
20260419,S107,P1029,49,0
20260419,S107,P1030,29,0
20260419,S107,P1031,18,0
20260419,S107,P1032,18,0
20260419,S107,P1033,24,23
20260419,S107,P1034,35,0
20260419,S107,P1035,21,19
20260419,S107,P1036,8,0
20260419,S107,P1037,29,0
20260419,S107,P1038,16,25
20260419,S107,P1039,69,0
20260419,S107,P1040,22,0
20260419,S108,P1001,40,0
20260419,S108,P1002,53,0
20260419,S108,P1003,54,0
20260419,S108,P1004,23,0
20260419,S108,P1005,78,0
20260419,S108,P1006,20,0
20260419,S108,P1007,69,0
20260419,S108,P1008,25,21
20260419,S108,P1009,115,0
20260419,S108,P1010,18,0
20260419,S108,P1011,114,0
20260419,S108,P1012,39,16
20260419,S108,P1013,46,0
20260419,S108,P1014,33,16
20260419,S108,P1015,37,0
20260419,S108,P1016,23,0
20260419,S108,P1017,27,0
20260419,S108,P1018,11,0
20260419,S108,P1019,25,0
20260419,S108,P1020,48,0
20260419,S108,P1021,87,0
20260419,S108,P1022,35,0
20260419,S108,P1023,58,0
20260419,S108,P1024,63,0
20260419,S108,P1025,41,18
20260419,S108,P1026,31,12
20260419,S108,P1027,82,0
20260419,S108,P1028,58,14
20260419,S108,P1029,7,0
20260419,S108,P1030,15,0
20260419,S108,P1031,85,39
20260419,S108,P1032,18,11
20260419,S108,P1033,35,14
20260419,S108,P1034,31,0
20260419,S108,P1035,79,24
20260419,S108,P1036,17,0
20260419,S108,P1037,56,0
20260419,S108,P1038,14,0
20260419,S108,P1039,51,0
20260419,S108,P1040,29,9
20260419,S109,P1001,33,0
20260419,S109,P1002,29,4
20260419,S109,P1003,39,0
20260419,S109,P1004,17,8
20260419,S109,P1005,33,0
20260419,S109,P1006,22,0
20260419,S109,P1007,31,0
20260419,S109,P1008,12,0
20260419,S109,P1009,35,0
20260419,S109,P1010,25,19
20260419,S109,P1011,2,15
20260419,S109,P1012,69,0
20260419,S109,P1013,48,0
20260419,S109,P1014,45,0
20260419,S109,P1015,46,0
20260419,S109,P1016,20,0
20260419,S109,P1017,39,11
20260419,S109,P1018,31,0
20260419,S109,P1019,73,0
20260419,S109,P1020,44,0
20260419,S109,P1021,29,0
20260419,S109,P1022,35,0
20260419,S109,P1023,31,0
20260419,S109,P1024,17,0
20260419,S109,P1025,17,0
20260419,S109,P1026,31,0
20260419,S109,P1027,80,27
20260419,S109,P1028,22,0
20260419,S109,P1029,47,18
20260419,S109,P1030,33,0
20260419,S109,P1031,54,12
20260419,S109,P1032,36,0
20260419,S109,P1033,80,0
20260419,S109,P1034,23,0
20260419,S109,P1035,68,24
20260419,S109,P1036,33,0
20260419,S109,P1037,49,24
20260419,S109,P1038,31,0
20260419,S109,P1039,76,0
20260419,S109,P1040,26,0
20260419,S110,P1001,46,24
20260419,S110,P1002,19,0
20260419,S110,P1003,76,0
20260419,S110,P1004,52,0
20260419,S110,P1005,68,37
20260419,S110,P1006,-1,0
20260419,S110,P1007,60,0
20260419,S110,P1008,64,0
20260419,S110,P1009,90,0
20260419,S110,P1010,32,0
20260419,S110,P1011,88,0
20260419,S110,P1012,32,0
20260419,S110,P1013,68,0
20260419,S110,P1014,16,0
20260419,S110,P1015,27,0
20260419,S110,P1016,9,4
20260419,S110,P1017,32,7
20260419,S110,P1018,19,0
20260419,S110,P1019,31,0
20260419,S110,P1020,57,0
20260419,S110,P1021,126,23
20260419,S110,P1022,18,7
20260419,S110,P1023,71,0
20260419,S110,P1024,22,0
20260419,S110,P1025,47,15
20260419,S110,P1026,70,0
20260419,S110,P1027,63,0
20260419,S110,P1028,24,0
20260419,S110,P1029,117,0
20260419,S110,P1030,24,10
20260419,S110,P1031,25,0
20260419,S110,P1032,52,18
20260419,S110,P1033,104,0
20260419,S110,P1034,22,0
20260419,S110,P1035,24,0
20260419,S110,P1036,62,0
20260419,S110,P1037,39,0
20260419,S110,P1038,26,0
20260419,S110,P1039,16,0
20260419,S110,P1040,19,13
20260419,S111,P1001,10,1
20260419,S111,P1002,40,4
20260419,S111,P1003,46,0
20260419,S111,P1004,19,0
20260419,S111,P1005,29,0
20260419,S111,P1006,15,9
20260419,S111,P1007,33,0
20260419,S111,P1008,27,0
20260419,S111,P1009,9,0
20260419,S111,P1010,10,0
20260419,S111,P1011,11,0
20260419,S111,P1012,8,0
20260419,S111,P1013,45,0
20260419,S111,P1014,17,0
20260419,S111,P1015,38,3
20260419,S111,P1016,14,0
20260419,S111,P1017,5,0
20260419,S111,P1018,10,0
20260419,S111,P1019,50,0
20260419,S111,P1020,40,0
20260419,S111,P1021,14,0
20260419,S111,P1022,10,7
20260419,S111,P1023,1,2
20260419,S111,P1024,28,0
20260419,S111,P1025,30,0
20260419,S111,P1026,12,0
20260419,S111,P1027,38,0
20260419,S111,P1028,25,0
20260419,S111,P1029,34,0
20260419,S111,P1030,20,0
20260419,S111,P1031,10,0
20260419,S111,P1032,41,0
20260419,S111,P1033,17,0
20260419,S111,P1034,16,0
20260419,S111,P1035,57,0
20260419,S111,P1036,8,0
20260419,S111,P1037,66,14
20260419,S111,P1038,25,0
20260419,S111,P1039,52,13
20260419,S111,P1040,6,1
20260419,S112,P1001,48,8
20260419,S112,P1002,45,0
20260419,S112,P1003,8,0
20260419,S112,P1004,12,0
20260419,S112,P1005,22,2
20260419,S112,P1006,20,4
20260419,S112,P1007,12,0
20260419,S112,P1008,32,6
20260419,S112,P1009,18,0
20260419,S112,P1010,23,0
20260419,S112,P1011,27,0
20260419,S112,P1012,17,0
20260419,S112,P1013,16,0
20260419,S112,P1014,19,2
20260419,S112,P1015,17,0
20260419,S112,P1016,26,4
20260419,S112,P1017,30,0
20260419,S112,P1018,17,0
20260419,S112,P1019,26,0
20260419,S112,P1020,10,0
20260419,S112,P1021,59,6
20260419,S112,P1022,19,0
20260419,S112,P1023,18,0
20260419,S112,P1024,37,0
20260419,S112,P1025,39,0
20260419,S112,P1026,60,0
20260419,S112,P1027,41,8
20260419,S112,P1028,9,0
20260419,S112,P1029,21,0
20260419,S112,P1030,16,0
20260419,S112,P1031,18,3
20260419,S112,P1032,6,3
20260419,S112,P1033,18,0
20260419,S112,P1034,8,5
20260419,S112,P1035,16,0
20260419,S112,P1036,13,2
20260419,S112,P1037,40,8
20260419,S112,P1038,21,0
20260419,S112,P1039,20,0
20260419,S112,P1040,20,0
20260419,S113,P1001,51,0
20260419,S113,P1002,29,0
20260419,S113,P1003,16,0
20260419,S113,P1004,15,0
20260419,S113,P1005,41,0
20260419,S113,P1006,11,2
20260419,S113,P1007,29,0
20260419,S113,P1008,12,0
20260419,S113,P1009,68,8
20260419,S113,P1010,22,8
20260419,S113,P1011,33,0
20260419,S113,P1012,33,0
20260419,S113,P1013,28,0
20260419,S113,P1014,8,0
20260419,S113,P1015,24,0
20260419,S113,P1016,10,5
20260419,S113,P1017,27,0
20260419,S113,P1018,30,0
20260419,S113,P1019,1,0
20260419,S113,P1020,10,1
20260419,S113,P1021,43,0
20260419,S113,P1022,31,0
20260419,S113,P1023,23,0
20260419,S113,P1024,40,0
20260419,S113,P1025,47,0
20260419,S113,P1026,7,4
20260419,S113,P1027,8,0
20260419,S113,P1028,27,0
20260419,S113,P1029,46,0
20260419,S113,P1030,23,4
20260419,S113,P1031,52,5
20260419,S113,P1032,7,0
20260419,S113,P1033,45,0
20260419,S113,P1034,15,0
20260419,S113,P1035,42,17
20260419,S113,P1036,14,0
20260419,S113,P1037,15,0
20260419,S113,P1038,16,10
20260419,S113,P1039,33,12
20260419,S113,P1040,22,0
20260419,S114,P1001,15,0
20260419,S114,P1002,23,0
20260419,S114,P1003,24,6
20260419,S114,P1004,36,5
20260419,S114,P1005,15,0
20260419,S114,P1006,27,2
20260419,S114,P1007,26,0
20260419,S114,P1008,12,0
20260419,S114,P1009,131,13
20260419,S114,P1010,10,0
20260419,S114,P1011,22,0
20260419,S114,P1012,15,3
20260419,S114,P1013,43,3
20260419,S114,P1014,23,0
20260419,S114,P1015,30,4
20260419,S114,P1016,14,1
20260419,S114,P1017,40,0
20260419,S114,P1018,9,1
20260419,S114,P1019,22,0
20260419,S114,P1020,39,0
20260419,S114,P1021,42,0
20260419,S114,P1022,12,0
20260419,S114,P1023,56,0
20260419,S114,P1024,27,0
20260419,S114,P1025,31,0
20260419,S114,P1026,8,0
20260419,S114,P1027,28,0
20260419,S114,P1028,21,0
20260419,S114,P1029,42,5
20260419,S114,P1030,2,2
20260419,S114,P1031,27,3
20260419,S114,P1032,22,0
20260419,S114,P1033,19,0
20260419,S114,P1034,17,5
20260419,S114,P1035,46,0
20260419,S114,P1036,28,7
20260419,S114,P1037,37,0
20260419,S114,P1038,12,0
20260419,S114,P1039,55,7
20260419,S114,P1040,20,2
20260419,S115,P1001,24,0
20260419,S115,P1002,11,0
20260419,S115,P1003,33,17
20260419,S115,P1004,6,0
20260419,S115,P1005,24,0
20260419,S115,P1006,3,0
20260419,S115,P1007,30,0
20260419,S115,P1008,8,0
20260419,S115,P1009,43,0
20260419,S115,P1010,37,0
20260419,S115,P1011,31,17
20260419,S115,P1012,10,4
20260419,S115,P1013,12,0
20260419,S115,P1014,8,0
20260419,S115,P1015,6,0
20260419,S115,P1016,10,0
20260419,S115,P1017,20,12
20260419,S115,P1018,5,6
20260419,S115,P1019,10,0
20260419,S115,P1020,7,9
20260419,S115,P1021,12,0
20260419,S115,P1022,2,0
20260419,S115,P1023,23,0
20260419,S115,P1024,11,9
20260419,S115,P1025,11,0
20260419,S115,P1026,6,0
20260419,S115,P1027,24,0
20260419,S115,P1028,7,0
20260419,S115,P1029,114,0
20260419,S115,P1030,6,0
20260419,S115,P1031,14,0
20260419,S115,P1032,37,6
20260419,S115,P1033,4,0
20260419,S115,P1034,12,0
20260419,S115,P1035,19,0
20260419,S115,P1036,12,0
20260419,S115,P1037,15,8
20260419,S115,P1038,3,0
20260419,S115,P1039,19,0
20260419,S115,P1040,5,0
20260419,S116,P1001,24,0
20260419,S116,P1002,10,4
20260419,S116,P1003,5,8
20260419,S116,P1004,5,0
20260419,S116,P1005,24,17
20260419,S116,P1006,2,2
20260419,S116,P1007,12,8
20260419,S116,P1008,4,0
20260419,S116,P1009,4,7
20260419,S116,P1010,5,3
20260419,S116,P1011,31,0
20260419,S116,P1012,4,0
20260419,S116,P1013,19,0
20260419,S116,P1014,7,0
20260419,S116,P1015,11,0
20260419,S116,P1016,8,1
20260419,S116,P1017,32,0
20260419,S116,P1018,6,3
20260419,S116,P1019,4,9
20260419,S116,P1020,21,0
20260419,S116,P1021,8,0
20260419,S116,P1022,31,7
20260419,S116,P1023,19,6
20260419,S116,P1024,8,0
20260419,S116,P1025,15,6
20260419,S116,P1026,4,7
20260419,S116,P1027,4,9
20260419,S116,P1028,7,0
20260419,S116,P1029,12,7
20260419,S116,P1030,13,10
20260419,S116,P1031,19,6
20260419,S116,P1032,1,5
20260419,S116,P1033,17,0
20260419,S116,P1034,7,0
20260419,S116,P1035,5,2
20260419,S116,P1036,8,0
20260419,S116,P1037,13,0
20260419,S116,P1038,11,0
20260419,S116,P1039,32,0
20260419,S116,P1040,10,7
20260419,S117,P1001,6,0
20260419,S117,P1002,9,6
20260419,S117,P1003,29,0
20260419,S117,P1004,7,0
20260419,S117,P1005,32,0
20260419,S117,P1006,-4,5
20260419,S117,P1007,39,0
20260419,S117,P1008,7,0
20260419,S117,P1009,27,0
20260419,S117,P1010,8,7
20260419,S117,P1011,8,0
20260419,S117,P1012,8,0
20260419,S117,P1013,19,18
20260419,S117,P1014,9,0
20260419,S117,P1015,16,0
20260419,S117,P1016,11,5
20260419,S117,P1017,30,10
20260419,S117,P1018,8,8
20260419,S117,P1019,38,0
20260419,S117,P1020,9,5
20260419,S117,P1021,48,0
20260419,S117,P1022,11,4
20260419,S117,P1023,15,0
20260419,S117,P1024,11,0
20260419,S117,P1025,58,0
20260419,S117,P1026,10,0
20260419,S117,P1027,24,0
20260419,S117,P1028,16,0
20260419,S117,P1029,11,0
20260419,S117,P1030,13,0
20260419,S117,P1031,46,10
20260419,S117,P1032,16,0
20260419,S117,P1033,11,0
20260419,S117,P1034,14,0
20260419,S117,P1035,10,0
20260419,S117,P1036,8,6
20260419,S117,P1037,23,0
20260419,S117,P1038,3,0
20260419,S117,P1039,7,13
20260419,S117,P1040,4,2
20260419,S118,P1001,7,0
20260419,S118,P1002,18,0
20260419,S118,P1003,22,0
20260419,S118,P1004,13,0
20260419,S118,P1005,22,0
20260419,S118,P1006,16,7
20260419,S118,P1007,15,0
20260419,S118,P1008,10,0
20260419,S118,P1009,20,0
20260419,S118,P1010,39,5
20260419,S118,P1011,16,0
20260419,S118,P1012,11,6
20260419,S118,P1013,14,16
20260419,S118,P1014,9,0
20260419,S118,P1015,54,20
20260419,S118,P1016,7,0
20260419,S118,P1017,9,0
20260419,S118,P1018,10,7
20260419,S118,P1019,5,0
20260419,S118,P1020,10,0
20260419,S118,P1021,10,0
20260419,S118,P1022,7,0
20260419,S118,P1023,10,0
20260419,S118,P1024,2,0
20260419,S118,P1025,18,24
20260419,S118,P1026,10,0
20260419,S118,P1027,7,6
20260419,S118,P1028,12,2
20260419,S118,P1029,35,0
20260419,S118,P1030,10,10
20260419,S118,P1031,33,0
20260419,S118,P1032,12,0
20260419,S118,P1033,36,8
20260419,S118,P1034,20,5
20260419,S118,P1035,32,0
20260419,S118,P1036,5,0
20260419,S118,P1037,22,16
20260419,S118,P1038,7,0
20260419,S118,P1039,25,0
20260419,S118,P1040,11,0
20260419,S119,P1001,17,9
20260419,S119,P1002,8,0
20260419,S119,P1003,28,0
20260419,S119,P1004,10,0
20260419,S119,P1005,18,0
20260419,S119,P1006,8,0
20260419,S119,P1007,8,0
20260419,S119,P1008,5,0
20260419,S119,P1009,13,0
20260419,S119,P1010,10,0
20260419,S119,P1011,27,13
20260419,S119,P1012,5,0
20260419,S119,P1013,16,0
20260419,S119,P1014,23,0
20260419,S119,P1015,4,0
20260419,S119,P1016,15,4
20260419,S119,P1017,12,8
20260419,S119,P1018,5,0
20260419,S119,P1019,6,0
20260419,S119,P1020,8,0
20260419,S119,P1021,22,0
20260419,S119,P1022,8,0
20260419,S119,P1023,20,12
20260419,S119,P1024,9,0
20260419,S119,P1025,4,8
20260419,S119,P1026,9,0
20260419,S119,P1027,57,0
20260419,S119,P1028,6,0
20260419,S119,P1029,18,5
20260419,S119,P1030,18,0
20260419,S119,P1031,22,0
20260419,S119,P1032,9,0
20260419,S119,P1033,15,0
20260419,S119,P1034,11,5
20260419,S119,P1035,25,0
20260419,S119,P1036,6,0
20260419,S119,P1037,18,10
20260419,S119,P1038,8,0
20260419,S119,P1039,40,0
20260419,S119,P1040,26,6
20260419,S120,P1001,7,0
20260419,S120,P1002,8,0
20260419,S120,P1003,8,9
20260419,S120,P1004,5,0
20260419,S120,P1005,19,0
20260419,S120,P1006,4,0
20260419,S120,P1007,23,0
20260419,S120,P1008,4,0
20260419,S120,P1009,42,0
20260419,S120,P1010,3,0
20260419,S120,P1011,9,0
20260419,S120,P1012,22,0
20260419,S120,P1013,30,0
20260419,S120,P1014,3,0
20260419,S120,P1015,12,0
20260419,S120,P1016,21,0
20260419,S120,P1017,42,0
20260419,S120,P1018,10,0
20260419,S120,P1019,14,0
20260419,S120,P1020,18,0
20260419,S120,P1021,12,0
20260419,S120,P1022,8,2
20260419,S120,P1023,14,0
20260419,S120,P1024,4,3
20260419,S120,P1025,15,0
20260419,S120,P1026,17,0
20260419,S120,P1027,11,7
20260419,S120,P1028,0,0
20260419,S120,P1029,20,9
20260419,S120,P1030,12,5
20260419,S120,P1031,21,0
20260419,S120,P1032,9,0
20260419,S120,P1033,8,12
20260419,S120,P1034,5,0
20260419,S120,P1035,9,10
20260419,S120,P1036,8,0
20260419,S120,P1037,14,0
20260419,S120,P1038,12,0
20260419,S120,P1039,17,0
20260419,S120,P1040,16,0
20260426,S101,P1001,10,0
20260426,S101,P1002,8,6
20260426,S101,P1003,108,26
20260426,S101,P1004,6,0
20260426,S101,P1005,13,0
20260426,S101,P1006,7,0
20260426,S101,P1007,9,0
20260426,S101,P1008,7,0
20260426,S101,P1009,17,0
20260426,S101,P1010,4,0
20260426,S101,P1011,22,0
20260426,S101,P1012,9,0
20260426,S101,P1013,15,0
20260426,S101,P1014,90,0
20260426,S101,P1015,9,0
20260426,S101,P1016,29,0
20260426,S101,P1017,13,17
20260426,S101,P1018,21,0
20260426,S101,P1019,7,0
20260426,S101,P1020,6,0
20260426,S101,P1021,32,30
20260426,S101,P1022,2,0
20260426,S101,P1023,26,0
20260426,S101,P1024,6,15
20260426,S101,P1025,13,15
20260426,S101,P1026,5,10
20260426,S101,P1027,31,0
20260426,S101,P1028,5,10
20260426,S101,P1029,37,31
20260426,S101,P1030,11,13
20260426,S101,P1031,36,0
20260426,S101,P1032,6,0
20260426,S101,P1033,8,0
20260426,S101,P1034,10,0
20260426,S101,P1035,7,0
20260426,S101,P1036,12,0
20260426,S101,P1037,100,0
20260426,S101,P1038,31,0
20260426,S101,P1039,159,0
20260426,S101,P1040,4,0
20260426,S102,P1001,10,0
20260426,S102,P1002,5,16
20260426,S102,P1003,18,0
20260426,S102,P1004,12,9
20260426,S102,P1005,16,0
20260426,S102,P1006,19,0
20260426,S102,P1007,18,0
20260426,S102,P1008,9,21
20260426,S102,P1009,4,0
20260426,S102,P1010,10,13
20260426,S102,P1011,31,0
20260426,S102,P1012,38,0
20260426,S102,P1013,19,26
20260426,S102,P1014,13,0
20260426,S102,P1015,9,0
20260426,S102,P1016,11,0
20260426,S102,P1017,9,0
20260426,S102,P1018,9,0
20260426,S102,P1019,13,0
20260426,S102,P1020,2,0
20260426,S102,P1021,17,0
20260426,S102,P1022,3,0
20260426,S102,P1023,11,0
20260426,S102,P1024,7,0
20260426,S102,P1025,10,12
20260426,S102,P1026,5,0
20260426,S102,P1027,11,0
20260426,S102,P1028,29,0
20260426,S102,P1029,13,25
20260426,S102,P1030,17,0
20260426,S102,P1031,16,0
20260426,S102,P1032,11,0
20260426,S102,P1033,23,0
20260426,S102,P1034,13,8
20260426,S102,P1035,18,0
20260426,S102,P1036,7,0
20260426,S102,P1037,18,33
20260426,S102,P1038,81,0
20260426,S102,P1039,26,0
20260426,S102,P1040,11,0
20260426,S103,P1001,14,0
20260426,S103,P1002,3,6
20260426,S103,P1003,13,0
20260426,S103,P1004,8,9
20260426,S103,P1005,10,27
20260426,S103,P1006,11,6
20260426,S103,P1007,11,13
20260426,S103,P1008,7,17
20260426,S103,P1009,37,0
20260426,S103,P1010,3,0
20260426,S103,P1011,6,27
20260426,S103,P1012,14,0
20260426,S103,P1013,38,0
20260426,S103,P1014,7,0
20260426,S103,P1015,22,0
20260426,S103,P1016,19,20
20260426,S103,P1017,143,29
20260426,S103,P1018,15,0
20260426,S103,P1019,11,0
20260426,S103,P1020,5,0
20260426,S103,P1021,14,0
20260426,S103,P1022,15,22
20260426,S103,P1023,34,35
20260426,S103,P1024,9,0
20260426,S103,P1025,41,0
20260426,S103,P1026,19,0
20260426,S103,P1027,13,0
20260426,S103,P1028,71,10
20260426,S103,P1029,28,0
20260426,S103,P1030,11,0
20260426,S103,P1031,24,0
20260426,S103,P1032,22,0
20260426,S103,P1033,16,32
20260426,S103,P1034,10,13
20260426,S103,P1035,15,0
20260426,S103,P1036,13,17
20260426,S103,P1037,9,0
20260426,S103,P1038,7,0
20260426,S103,P1039,20,21
20260426,S103,P1040,8,0
20260426,S104,P1001,20,17
20260426,S104,P1002,8,0
20260426,S104,P1003,23,30
20260426,S104,P1004,6,0
20260426,S104,P1005,19,0
20260426,S104,P1006,10,0
20260426,S104,P1007,8,0
20260426,S104,P1008,4,0
20260426,S104,P1009,11,0
20260426,S104,P1010,6,0
20260426,S104,P1011,28,31
20260426,S104,P1012,12,7
20260426,S104,P1013,15,0
20260426,S104,P1014,14,13
20260426,S104,P1015,27,0
20260426,S104,P1016,13,0
20260426,S104,P1017,10,0
20260426,S104,P1018,10,0
20260426,S104,P1019,20,0
20260426,S104,P1020,14,0
20260426,S104,P1021,14,16
20260426,S104,P1022,12,0
20260426,S104,P1023,21,0
20260426,S104,P1024,3,0
20260426,S104,P1025,6,0
20260426,S104,P1026,10,25
20260426,S104,P1027,21,0
20260426,S104,P1028,15,17
20260426,S104,P1029,12,0
20260426,S104,P1030,11,0
20260426,S104,P1031,7,0
20260426,S104,P1032,13,0
20260426,S104,P1033,8,0
20260426,S104,P1034,10,0
20260426,S104,P1035,14,0
20260426,S104,P1036,4,0
20260426,S104,P1037,26,0
20260426,S104,P1038,9,0
20260426,S104,P1039,10,0
20260426,S104,P1040,15,0
20260426,S105,P1001,31,0
20260426,S105,P1002,8,0
20260426,S105,P1003,12,0
20260426,S105,P1004,12,0
20260426,S105,P1005,17,48
20260426,S105,P1006,15,10
20260426,S105,P1007,18,0
20260426,S105,P1008,18,0
20260426,S105,P1009,16,0
20260426,S105,P1010,40,0
20260426,S105,P1011,81,12
20260426,S105,P1012,9,11
20260426,S105,P1013,62,0
20260426,S105,P1014,23,0
20260426,S105,P1015,18,0
20260426,S105,P1016,8,0
20260426,S105,P1017,26,0
20260426,S105,P1018,7,19
20260426,S105,P1019,58,29
20260426,S105,P1020,11,0
20260426,S105,P1021,33,0
20260426,S105,P1022,18,0
20260426,S105,P1023,16,0
20260426,S105,P1024,14,0
20260426,S105,P1025,18,0
20260426,S105,P1026,16,0
20260426,S105,P1027,26,0
20260426,S105,P1028,9,0
20260426,S105,P1029,15,27
20260426,S105,P1030,18,6
20260426,S105,P1031,33,32
20260426,S105,P1032,18,16
20260426,S105,P1033,25,24
20260426,S105,P1034,4,0
20260426,S105,P1035,25,31
20260426,S105,P1036,5,17
20260426,S105,P1037,48,17
20260426,S105,P1038,13,14
20260426,S105,P1039,24,21
20260426,S105,P1040,24,0
20260426,S106,P1001,56,0
20260426,S106,P1002,23,8
20260426,S106,P1003,37,23
20260426,S106,P1004,44,0
20260426,S106,P1005,79,0
20260426,S106,P1006,20,0
20260426,S106,P1007,55,0
20260426,S106,P1008,45,0
20260426,S106,P1009,81,0
20260426,S106,P1010,20,0
20260426,S106,P1011,121,16
20260426,S106,P1012,62,12
20260426,S106,P1013,105,24
20260426,S106,P1014,22,4
20260426,S106,P1015,44,0
20260426,S106,P1016,20,8
20260426,S106,P1017,36,21
20260426,S106,P1018,29,0
20260426,S106,P1019,47,17
20260426,S106,P1020,13,0
20260426,S106,P1021,134,0
20260426,S106,P1022,41,0
20260426,S106,P1023,49,37
20260426,S106,P1024,27,16
20260426,S106,P1025,67,0
20260426,S106,P1026,27,13
20260426,S106,P1027,54,0
20260426,S106,P1028,33,0
20260426,S106,P1029,42,0
20260426,S106,P1030,17,7
20260426,S106,P1031,78,33
20260426,S106,P1032,12,9
20260426,S106,P1033,79,0
20260426,S106,P1034,38,0
20260426,S106,P1035,38,34
20260426,S106,P1036,36,0
20260426,S106,P1037,175,37
20260426,S106,P1038,34,0
20260426,S106,P1039,43,16
20260426,S106,P1040,31,0
20260426,S107,P1001,45,0
20260426,S107,P1002,7,13
20260426,S107,P1003,81,35
20260426,S107,P1004,40,0
20260426,S107,P1005,36,0
20260426,S107,P1006,21,8
20260426,S107,P1007,42,0
20260426,S107,P1008,26,0
20260426,S107,P1009,30,14
20260426,S107,P1010,28,0
20260426,S107,P1011,75,31
20260426,S107,P1012,44,6
20260426,S107,P1013,62,0
20260426,S107,P1014,12,0
20260426,S107,P1015,43,0
20260426,S107,P1016,21,0
20260426,S107,P1017,127,0
20260426,S107,P1018,22,0
20260426,S107,P1019,52,0
20260426,S107,P1020,25,0
20260426,S107,P1021,37,0
20260426,S107,P1022,60,0
20260426,S107,P1023,40,0
20260426,S107,P1024,28,0
20260426,S107,P1025,32,0
20260426,S107,P1026,30,0
20260426,S107,P1027,91,0
20260426,S107,P1028,30,12
20260426,S107,P1029,41,19
20260426,S107,P1030,26,0
20260426,S107,P1031,9,0
20260426,S107,P1032,18,0
20260426,S107,P1033,32,0
20260426,S107,P1034,14,0
20260426,S107,P1035,80,0
20260426,S107,P1036,14,0
20260426,S107,P1037,41,0
20260426,S107,P1038,33,0
20260426,S107,P1039,75,0
20260426,S107,P1040,32,0
20260426,S108,P1001,68,0
20260426,S108,P1002,47,0
20260426,S108,P1003,33,0
20260426,S108,P1004,16,16
20260426,S108,P1005,49,0
20260426,S108,P1006,57,0
20260426,S108,P1007,70,0
20260426,S108,P1008,33,0
20260426,S108,P1009,110,0
20260426,S108,P1010,9,0
20260426,S108,P1011,72,0
20260426,S108,P1012,21,0
20260426,S108,P1013,14,0
20260426,S108,P1014,28,0
20260426,S108,P1015,21,11
20260426,S108,P1016,8,0
20260426,S108,P1017,15,13
20260426,S108,P1018,24,0
20260426,S108,P1019,61,0
20260426,S108,P1020,30,0
20260426,S108,P1021,85,0
20260426,S108,P1022,23,10
20260426,S108,P1023,47,0
20260426,S108,P1024,32,0
20260426,S108,P1025,35,18
20260426,S108,P1026,40,0
20260426,S108,P1027,97,0
20260426,S108,P1028,50,15
20260426,S108,P1029,22,0
20260426,S108,P1030,36,0
20260426,S108,P1031,90,26
20260426,S108,P1032,30,0
20260426,S108,P1033,29,0
20260426,S108,P1034,16,0
20260426,S108,P1035,107,0
20260426,S108,P1036,30,0
20260426,S108,P1037,42,21
20260426,S108,P1038,17,0
20260426,S108,P1039,37,0
20260426,S108,P1040,34,0
20260426,S109,P1001,51,0
20260426,S109,P1002,12,7
20260426,S109,P1003,29,0
20260426,S109,P1004,9,0
20260426,S109,P1005,26,21
20260426,S109,P1006,12,0
20260426,S109,P1007,27,0
20260426,S109,P1008,14,0
20260426,S109,P1009,50,27
20260426,S109,P1010,29,0
20260426,S109,P1011,9,0
20260426,S109,P1012,66,0
20260426,S109,P1013,57,0
20260426,S109,P1014,28,0
20260426,S109,P1015,27,0
20260426,S109,P1016,30,0
20260426,S109,P1017,14,0
20260426,S109,P1018,18,0
20260426,S109,P1019,65,26
20260426,S109,P1020,35,16
20260426,S109,P1021,56,0
20260426,S109,P1022,34,13
20260426,S109,P1023,21,0
20260426,S109,P1024,24,0
20260426,S109,P1025,40,0
20260426,S109,P1026,15,0
20260426,S109,P1027,74,0
20260426,S109,P1028,13,0
20260426,S109,P1029,50,0
20260426,S109,P1030,12,0
20260426,S109,P1031,68,0
20260426,S109,P1032,55,0
20260426,S109,P1033,62,20
20260426,S109,P1034,19,0
20260426,S109,P1035,75,29
20260426,S109,P1036,28,16
20260426,S109,P1037,55,0
20260426,S109,P1038,15,0
20260426,S109,P1039,50,0
20260426,S109,P1040,7,0
20260426,S110,P1001,56,0
20260426,S110,P1002,23,0
20260426,S110,P1003,83,0
20260426,S110,P1004,67,13
20260426,S110,P1005,41,0
20260426,S110,P1006,37,0
20260426,S110,P1007,45,18
20260426,S110,P1008,38,5
20260426,S110,P1009,50,39
20260426,S110,P1010,14,0
20260426,S110,P1011,60,19
20260426,S110,P1012,26,0
20260426,S110,P1013,142,21
20260426,S110,P1014,38,0
20260426,S110,P1015,35,0
20260426,S110,P1016,12,0
20260426,S110,P1017,23,17
20260426,S110,P1018,36,12
20260426,S110,P1019,44,0
20260426,S110,P1020,45,27
20260426,S110,P1021,62,0
20260426,S110,P1022,25,0
20260426,S110,P1023,60,25
20260426,S110,P1024,52,7
20260426,S110,P1025,38,18
20260426,S110,P1026,35,9
20260426,S110,P1027,45,0
20260426,S110,P1028,19,13
20260426,S110,P1029,49,0
20260426,S110,P1030,22,0
20260426,S110,P1031,33,13
20260426,S110,P1032,51,22
20260426,S110,P1033,86,26
20260426,S110,P1034,22,0
20260426,S110,P1035,35,25
20260426,S110,P1036,27,11
20260426,S110,P1037,63,12
20260426,S110,P1038,21,11
20260426,S110,P1039,11,13
20260426,S110,P1040,15,0
20260426,S111,P1001,12,0
20260426,S111,P1002,29,6
20260426,S111,P1003,72,0
20260426,S111,P1004,14,4
20260426,S111,P1005,22,0
20260426,S111,P1006,3,0
20260426,S111,P1007,27,0
20260426,S111,P1008,38,0
20260426,S111,P1009,11,3
20260426,S111,P1010,15,4
20260426,S111,P1011,12,0
20260426,S111,P1012,8,0
20260426,S111,P1013,44,0
20260426,S111,P1014,7,6
20260426,S111,P1015,31,0
20260426,S111,P1016,18,0
20260426,S111,P1017,19,0
20260426,S111,P1018,5,0
20260426,S111,P1019,62,0
20260426,S111,P1020,32,0
20260426,S111,P1021,17,0
20260426,S111,P1022,14,4
20260426,S111,P1023,9,0
20260426,S111,P1024,23,0
20260426,S111,P1025,28,0
20260426,S111,P1026,18,0
20260426,S111,P1027,62,0
20260426,S111,P1028,30,0
20260426,S111,P1029,53,0
20260426,S111,P1030,16,0
20260426,S111,P1031,11,0
20260426,S111,P1032,45,0
20260426,S111,P1033,18,0
20260426,S111,P1034,15,0
20260426,S111,P1035,52,0
20260426,S111,P1036,12,0
20260426,S111,P1037,82,7
20260426,S111,P1038,27,0
20260426,S111,P1039,47,0
20260426,S111,P1040,8,3
20260426,S112,P1001,33,0
20260426,S112,P1002,34,0
20260426,S112,P1003,11,0
20260426,S112,P1004,10,0
20260426,S112,P1005,45,0
20260426,S112,P1006,19,0
20260426,S112,P1007,23,0
20260426,S112,P1008,28,4
20260426,S112,P1009,20,0
20260426,S112,P1010,30,10
20260426,S112,P1011,51,4
20260426,S112,P1012,14,0
20260426,S112,P1013,17,0
20260426,S112,P1014,12,4
20260426,S112,P1015,56,9
20260426,S112,P1016,21,0
20260426,S112,P1017,19,0
20260426,S112,P1018,21,0
20260426,S112,P1019,26,0
20260426,S112,P1020,8,3
20260426,S112,P1021,38,0
20260426,S112,P1022,18,0
20260426,S112,P1023,30,0
20260426,S112,P1024,26,0
20260426,S112,P1025,16,9
20260426,S112,P1026,26,0
20260426,S112,P1027,41,0
20260426,S112,P1028,17,0
20260426,S112,P1029,19,3
20260426,S112,P1030,23,0
20260426,S112,P1031,13,0
20260426,S112,P1032,26,0
20260426,S112,P1033,31,0
20260426,S112,P1034,16,0
20260426,S112,P1035,12,13
20260426,S112,P1036,18,0
20260426,S112,P1037,24,0
20260426,S112,P1038,18,8
20260426,S112,P1039,33,0
20260426,S112,P1040,21,0
20260426,S113,P1001,60,0
20260426,S113,P1002,12,0
20260426,S113,P1003,19,5
20260426,S113,P1004,19,0
20260426,S113,P1005,50,6
20260426,S113,P1006,4,2
20260426,S113,P1007,43,7
20260426,S113,P1008,12,0
20260426,S113,P1009,65,0
20260426,S113,P1010,21,0
20260426,S113,P1011,30,5
20260426,S113,P1012,37,0
20260426,S113,P1013,-3,0
20260426,S113,P1014,6,0
20260426,S113,P1015,12,0
20260426,S113,P1016,9,0
20260426,S113,P1017,25,0
20260426,S113,P1018,31,0
20260426,S113,P1019,7,0
20260426,S113,P1020,11,0
20260426,S113,P1021,41,6
20260426,S113,P1022,30,0
20260426,S113,P1023,24,5
20260426,S113,P1024,22,0
20260426,S113,P1025,58,0
20260426,S113,P1026,6,0
20260426,S113,P1027,11,0
20260426,S113,P1028,18,0
20260426,S113,P1029,50,0
20260426,S113,P1030,25,0
20260426,S113,P1031,32,5
20260426,S113,P1032,3,0
20260426,S113,P1033,37,0
20260426,S113,P1034,13,0
20260426,S113,P1035,29,0
20260426,S113,P1036,15,0
20260426,S113,P1037,18,0
20260426,S113,P1038,18,0
20260426,S113,P1039,38,0
20260426,S113,P1040,16,4
20260426,S114,P1001,15,0
20260426,S114,P1002,22,0
20260426,S114,P1003,30,0
20260426,S114,P1004,29,0
20260426,S114,P1005,10,3
20260426,S114,P1006,34,0
20260426,S114,P1007,54,0
20260426,S114,P1008,14,0
20260426,S114,P1009,83,0
20260426,S114,P1010,22,0
20260426,S114,P1011,65,0
20260426,S114,P1012,26,6
20260426,S114,P1013,21,0
20260426,S114,P1014,48,1
20260426,S114,P1015,39,0
20260426,S114,P1016,17,0
20260426,S114,P1017,35,11
20260426,S114,P1018,21,0
20260426,S114,P1019,33,7
20260426,S114,P1020,36,0
20260426,S114,P1021,34,9
20260426,S114,P1022,11,1
20260426,S114,P1023,61,0
20260426,S114,P1024,28,0
20260426,S114,P1025,33,0
20260426,S114,P1026,5,0
20260426,S114,P1027,22,0
20260426,S114,P1028,18,3
20260426,S114,P1029,35,0
20260426,S114,P1030,5,0
20260426,S114,P1031,30,0
20260426,S114,P1032,12,0
20260426,S114,P1033,17,0
20260426,S114,P1034,29,0
20260426,S114,P1035,46,10
20260426,S114,P1036,22,0
20260426,S114,P1037,24,0
20260426,S114,P1038,18,0
20260426,S114,P1039,135,0
20260426,S114,P1040,18,0
20260426,S115,P1001,9,0
20260426,S115,P1002,1,0
20260426,S115,P1003,35,0
20260426,S115,P1004,11,0
20260426,S115,P1005,27,0
20260426,S115,P1006,5,2
20260426,S115,P1007,29,0
20260426,S115,P1008,14,11
20260426,S115,P1009,50,0
20260426,S115,P1010,26,0
20260426,S115,P1011,48,16
20260426,S115,P1012,12,1
20260426,S115,P1013,16,0
20260426,S115,P1014,11,0
20260426,S115,P1015,10,0
20260426,S115,P1016,9,0
20260426,S115,P1017,25,0
20260426,S115,P1018,12,7
20260426,S115,P1019,4,0
20260426,S115,P1020,1,0
20260426,S115,P1021,16,0
20260426,S115,P1022,0,0
20260426,S115,P1023,23,14
20260426,S115,P1024,15,0
20260426,S115,P1025,5,9
20260426,S115,P1026,0,0
20260426,S115,P1027,25,18
20260426,S115,P1028,14,0
20260426,S115,P1029,99,0
20260426,S115,P1030,3,0
20260426,S115,P1031,11,0
20260426,S115,P1032,32,0
20260426,S115,P1033,8,0
20260426,S115,P1034,11,0
20260426,S115,P1035,37,0
20260426,S115,P1036,11,0
20260426,S115,P1037,12,7
20260426,S115,P1038,7,0
20260426,S115,P1039,20,0
20260426,S115,P1040,11,0
20260426,S116,P1001,14,0
20260426,S116,P1002,8,0
20260426,S116,P1003,15,0
20260426,S116,P1004,13,0
20260426,S116,P1005,14,0
20260426,S116,P1006,5,2
20260426,S116,P1007,12,0
20260426,S116,P1008,11,0
20260426,S116,P1009,14,0
20260426,S116,P1010,6,0
20260426,S116,P1011,47,0
20260426,S116,P1012,3,0
20260426,S116,P1013,12,12
20260426,S116,P1014,6,0
20260426,S116,P1015,22,0
20260426,S116,P1016,9,5
20260426,S116,P1017,15,0
20260426,S116,P1018,9,0
20260426,S116,P1019,8,0
20260426,S116,P1020,9,0
20260426,S116,P1021,5,9
20260426,S116,P1022,21,0
20260426,S116,P1023,18,0
20260426,S116,P1024,11,0
20260426,S116,P1025,25,5
20260426,S116,P1026,4,0
20260426,S116,P1027,11,0
20260426,S116,P1028,5,0
20260426,S116,P1029,14,0
20260426,S116,P1030,18,0
20260426,S116,P1031,33,9
20260426,S116,P1032,8,0
20260426,S116,P1033,13,0
20260426,S116,P1034,6,0
20260426,S116,P1035,5,0
20260426,S116,P1036,12,0
20260426,S116,P1037,17,0
20260426,S116,P1038,31,0
20260426,S116,P1039,19,0
20260426,S116,P1040,9,7
20260426,S117,P1001,9,0
20260426,S117,P1002,13,0
20260426,S117,P1003,19,10
20260426,S117,P1004,10,0
20260426,S117,P1005,18,0
20260426,S117,P1006,3,0
20260426,S117,P1007,63,0
20260426,S117,P1008,3,0
20260426,S117,P1009,21,19
20260426,S117,P1010,3,10
20260426,S117,P1011,8,8
20260426,S117,P1012,3,0
20260426,S117,P1013,22,0
20260426,S117,P1014,13,5
20260426,S117,P1015,9,0
20260426,S117,P1016,3,0
20260426,S117,P1017,21,11
20260426,S117,P1018,12,8
20260426,S117,P1019,30,0
20260426,S117,P1020,5,0
20260426,S117,P1021,44,0
20260426,S117,P1022,2,3
20260426,S117,P1023,10,0
20260426,S117,P1024,2,4
20260426,S117,P1025,50,0
20260426,S117,P1026,14,0
20260426,S117,P1027,16,0
20260426,S117,P1028,8,6
20260426,S117,P1029,11,0
20260426,S117,P1030,13,0
20260426,S117,P1031,24,0
20260426,S117,P1032,8,0
20260426,S117,P1033,24,0
20260426,S117,P1034,15,0
20260426,S117,P1035,34,0
20260426,S117,P1036,8,0
20260426,S117,P1037,9,9
20260426,S117,P1038,6,0
20260426,S117,P1039,8,0
20260426,S117,P1040,5,3
20260426,S118,P1001,13,0
20260426,S118,P1002,16,0
20260426,S118,P1003,24,12
20260426,S118,P1004,21,0
20260426,S118,P1005,23,0
20260426,S118,P1006,20,10
20260426,S118,P1007,15,0
20260426,S118,P1008,11,0
20260426,S118,P1009,15,0
20260426,S118,P1010,14,0
20260426,S118,P1011,4,0
20260426,S118,P1012,13,0
20260426,S118,P1013,29,0
20260426,S118,P1014,10,0
20260426,S118,P1015,14,24
20260426,S118,P1016,11,5
20260426,S118,P1017,24,0
20260426,S118,P1018,8,0
20260426,S118,P1019,10,0
20260426,S118,P1020,5,4
20260426,S118,P1021,9,0
20260426,S118,P1022,5,9
20260426,S118,P1023,4,0
20260426,S118,P1024,7,0
20260426,S118,P1025,28,0
20260426,S118,P1026,18,0
20260426,S118,P1027,12,0
20260426,S118,P1028,-1,0
20260426,S118,P1029,14,15
20260426,S118,P1030,18,7
20260426,S118,P1031,42,0
20260426,S118,P1032,3,7
20260426,S118,P1033,16,0
20260426,S118,P1034,11,0
20260426,S118,P1035,21,6
20260426,S118,P1036,1,8
20260426,S118,P1037,15,19
20260426,S118,P1038,18,0
20260426,S118,P1039,21,0
20260426,S118,P1040,2,4
20260426,S119,P1001,11,0
20260426,S119,P1002,8,8
20260426,S119,P1003,14,0
20260426,S119,P1004,9,5
20260426,S119,P1005,16,16
20260426,S119,P1006,5,0
20260426,S119,P1007,12,0
20260426,S119,P1008,9,0
20260426,S119,P1009,27,14
20260426,S119,P1010,5,0
20260426,S119,P1011,11,14
20260426,S119,P1012,5,0
20260426,S119,P1013,24,0
20260426,S119,P1014,20,0
20260426,S119,P1015,20,4
20260426,S119,P1016,8,1
20260426,S119,P1017,14,0
20260426,S119,P1018,5,6
20260426,S119,P1019,9,0
20260426,S119,P1020,18,0
20260426,S119,P1021,28,0
20260426,S119,P1022,3,0
20260426,S119,P1023,16,0
20260426,S119,P1024,7,0
20260426,S119,P1025,12,0
20260426,S119,P1026,13,0
20260426,S119,P1027,72,0
20260426,S119,P1028,7,0
20260426,S119,P1029,8,0
20260426,S119,P1030,41,0
20260426,S119,P1031,36,0
20260426,S119,P1032,3,0
20260426,S119,P1033,12,0
20260426,S119,P1034,12,0
20260426,S119,P1035,15,0
20260426,S119,P1036,8,3
20260426,S119,P1037,15,0
20260426,S119,P1038,11,6
20260426,S119,P1039,68,0
20260426,S119,P1040,10,0
20260426,S120,P1001,17,0
20260426,S120,P1002,7,0
20260426,S120,P1003,27,0
20260426,S120,P1004,5,5
20260426,S120,P1005,34,0
20260426,S120,P1006,5,0
20260426,S120,P1007,22,13
20260426,S120,P1008,8,0
20260426,S120,P1009,18,0
20260426,S120,P1010,5,0
20260426,S120,P1011,5,0
20260426,S120,P1012,14,0
20260426,S120,P1013,24,5
20260426,S120,P1014,2,2
20260426,S120,P1015,23,0
20260426,S120,P1016,17,5
20260426,S120,P1017,65,0
20260426,S120,P1018,13,0
20260426,S120,P1019,12,0
20260426,S120,P1020,14,0
20260426,S120,P1021,20,13
20260426,S120,P1022,2,0
20260426,S120,P1023,22,20
20260426,S120,P1024,4,5
20260426,S120,P1025,33,18
20260426,S120,P1026,9,0
20260426,S120,P1027,10,0
20260426,S120,P1028,8,0
20260426,S120,P1029,14,10
20260426,S120,P1030,10,6
20260426,S120,P1031,16,0
20260426,S120,P1032,9,7
20260426,S120,P1033,13,0
20260426,S120,P1034,8,0
20260426,S120,P1035,14,9
20260426,S120,P1036,8,0
20260426,S120,P1037,9,0
20260426,S120,P1038,12,0
20260426,S120,P1039,21,0
20260426,S120,P1040,8,0
20260503,S101,P1001,19,36
20260503,S101,P1002,6,0
20260503,S101,P1003,125,0
20260503,S101,P1004,3,0
20260503,S101,P1005,10,0
20260503,S101,P1006,14,15
20260503,S101,P1007,7,0
20260503,S101,P1008,14,0
20260503,S101,P1009,5,0
20260503,S101,P1010,4,0
20260503,S101,P1011,29,0
20260503,S101,P1012,5,15
20260503,S101,P1013,15,0
20260503,S101,P1014,83,0
20260503,S101,P1015,9,0
20260503,S101,P1016,19,8
20260503,S101,P1017,8,0
20260503,S101,P1018,11,11
20260503,S101,P1019,19,0
20260503,S101,P1020,4,0
20260503,S101,P1021,15,0
20260503,S101,P1022,3,10
20260503,S101,P1023,13,0
20260503,S101,P1024,15,9
20260503,S101,P1025,20,18
20260503,S101,P1026,0,9
20260503,S101,P1027,17,0
20260503,S101,P1028,12,9
20260503,S101,P1029,29,0
20260503,S101,P1030,10,0
20260503,S101,P1031,48,0
20260503,S101,P1032,6,0
20260503,S101,P1033,10,0
20260503,S101,P1034,9,19
20260503,S101,P1035,23,0
20260503,S101,P1036,20,0
20260503,S101,P1037,190,0
20260503,S101,P1038,16,0
20260503,S101,P1039,193,0
20260503,S101,P1040,7,0
20260503,S102,P1001,9,16
20260503,S102,P1002,10,0
20260503,S102,P1003,20,13
20260503,S102,P1004,12,4
20260503,S102,P1005,18,0
20260503,S102,P1006,19,0
20260503,S102,P1007,17,0
20260503,S102,P1008,5,0
20260503,S102,P1009,14,32
20260503,S102,P1010,4,0
20260503,S102,P1011,48,0
20260503,S102,P1012,13,37
20260503,S102,P1013,19,0
20260503,S102,P1014,7,0
20260503,S102,P1015,22,0
20260503,S102,P1016,9,0
20260503,S102,P1017,18,0
20260503,S102,P1018,12,0
20260503,S102,P1019,14,0
20260503,S102,P1020,6,0
20260503,S102,P1021,11,0
20260503,S102,P1022,3,15
20260503,S102,P1023,10,17
20260503,S102,P1024,9,2
20260503,S102,P1025,9,13
20260503,S102,P1026,8,0
20260503,S102,P1027,17,24
20260503,S102,P1028,29,0
20260503,S102,P1029,12,26
20260503,S102,P1030,13,0
20260503,S102,P1031,11,0
20260503,S102,P1032,7,0
20260503,S102,P1033,18,0
20260503,S102,P1034,6,16
20260503,S102,P1035,19,0
20260503,S102,P1036,3,0
20260503,S102,P1037,34,0
20260503,S102,P1038,71,0
20260503,S102,P1039,14,0
20260503,S102,P1040,5,0
20260503,S103,P1001,24,0
20260503,S103,P1002,11,13
20260503,S103,P1003,17,0
20260503,S103,P1004,16,19
20260503,S103,P1005,10,0
20260503,S103,P1006,6,0
20260503,S103,P1007,7,13
20260503,S103,P1008,6,17
20260503,S103,P1009,32,40
20260503,S103,P1010,14,0
20260503,S103,P1011,10,0
20260503,S103,P1012,11,0
20260503,S103,P1013,48,0
20260503,S103,P1014,8,21
20260503,S103,P1015,24,0
20260503,S103,P1016,21,0
20260503,S103,P1017,155,23
20260503,S103,P1018,19,0
20260503,S103,P1019,14,0
20260503,S103,P1020,11,8
20260503,S103,P1021,14,0
20260503,S103,P1022,10,20
20260503,S103,P1023,57,0
20260503,S103,P1024,15,21
20260503,S103,P1025,21,0
20260503,S103,P1026,26,0
20260503,S103,P1027,22,0
20260503,S103,P1028,56,0
20260503,S103,P1029,29,0
20260503,S103,P1030,14,0
20260503,S103,P1031,16,0
20260503,S103,P1032,36,19
20260503,S103,P1033,4,0
20260503,S103,P1034,13,0
20260503,S103,P1035,15,0
20260503,S103,P1036,22,0
20260503,S103,P1037,10,0
20260503,S103,P1038,3,0
20260503,S103,P1039,11,0
20260503,S103,P1040,7,0
20260503,S104,P1001,16,21
20260503,S104,P1002,6,0
20260503,S104,P1003,12,0
20260503,S104,P1004,18,0
20260503,S104,P1005,19,0
20260503,S104,P1006,5,0
20260503,S104,P1007,6,0
20260503,S104,P1008,14,0
20260503,S104,P1009,25,0
20260503,S104,P1010,13,0
20260503,S104,P1011,7,0
20260503,S104,P1012,13,0
20260503,S104,P1013,27,0
20260503,S104,P1014,14,17
20260503,S104,P1015,23,0
20260503,S104,P1016,5,0
20260503,S104,P1017,8,0
20260503,S104,P1018,5,0
20260503,S104,P1019,20,0
20260503,S104,P1020,8,0
20260503,S104,P1021,15,19
20260503,S104,P1022,9,0
20260503,S104,P1023,14,0
20260503,S104,P1024,16,0
20260503,S104,P1025,11,34
20260503,S104,P1026,11,24
20260503,S104,P1027,12,0
20260503,S104,P1028,11,17
20260503,S104,P1029,17,0
20260503,S104,P1030,10,12
20260503,S104,P1031,11,0
20260503,S104,P1032,9,6
20260503,S104,P1033,18,9
20260503,S104,P1034,6,0
20260503,S104,P1035,23,21
20260503,S104,P1036,6,0
20260503,S104,P1037,22,0
20260503,S104,P1038,8,0
20260503,S104,P1039,4,0
20260503,S104,P1040,25,0
20260503,S105,P1001,32,0
20260503,S105,P1002,7,5
20260503,S105,P1003,11,0
20260503,S105,P1004,8,0
20260503,S105,P1005,43,0
20260503,S105,P1006,15,0
20260503,S105,P1007,6,0
20260503,S105,P1008,11,22
20260503,S105,P1009,24,24
20260503,S105,P1010,35,0
20260503,S105,P1011,95,0
20260503,S105,P1012,7,6
20260503,S105,P1013,44,0
20260503,S105,P1014,15,0
20260503,S105,P1015,13,0
20260503,S105,P1016,10,0
20260503,S105,P1017,23,0
20260503,S105,P1018,12,20
20260503,S105,P1019,93,0
20260503,S105,P1020,11,10
20260503,S105,P1021,21,0
20260503,S105,P1022,40,0
20260503,S105,P1023,11,0
20260503,S105,P1024,7,0
20260503,S105,P1025,18,23
20260503,S105,P1026,11,0
20260503,S105,P1027,30,0
20260503,S105,P1028,3,0
20260503,S105,P1029,29,19
20260503,S105,P1030,9,0
20260503,S105,P1031,29,22
20260503,S105,P1032,34,0
20260503,S105,P1033,18,0
20260503,S105,P1034,8,0
20260503,S105,P1035,24,34
20260503,S105,P1036,8,0
20260503,S105,P1037,41,0
20260503,S105,P1038,7,0
20260503,S105,P1039,20,0
20260503,S105,P1040,33,0
20260503,S106,P1001,51,0
20260503,S106,P1002,23,17
20260503,S106,P1003,19,17
20260503,S106,P1004,27,0
20260503,S106,P1005,149,0
20260503,S106,P1006,20,0
20260503,S106,P1007,55,0
20260503,S106,P1008,40,0
20260503,S106,P1009,84,26
20260503,S106,P1010,12,0
20260503,S106,P1011,56,0
20260503,S106,P1012,31,0
20260503,S106,P1013,143,0
20260503,S106,P1014,27,0
20260503,S106,P1015,91,21
20260503,S106,P1016,16,5
20260503,S106,P1017,38,0
20260503,S106,P1018,19,0
20260503,S106,P1019,36,0
20260503,S106,P1020,27,16
20260503,S106,P1021,80,0
20260503,S106,P1022,85,0
20260503,S106,P1023,80,30
20260503,S106,P1024,46,0
20260503,S106,P1025,77,0
20260503,S106,P1026,18,10
20260503,S106,P1027,82,0
20260503,S106,P1028,25,0
20260503,S106,P1029,37,0
20260503,S106,P1030,20,14
20260503,S106,P1031,66,0
20260503,S106,P1032,26,0
20260503,S106,P1033,48,26
20260503,S106,P1034,23,9
20260503,S106,P1035,46,0
20260503,S106,P1036,29,0
20260503,S106,P1037,94,0
20260503,S106,P1038,33,11
20260503,S106,P1039,65,7
20260503,S106,P1040,23,0
20260503,S107,P1001,31,0
20260503,S107,P1002,19,0
20260503,S107,P1003,38,0
20260503,S107,P1004,29,0
20260503,S107,P1005,27,0
20260503,S107,P1006,32,0
20260503,S107,P1007,46,16
20260503,S107,P1008,16,0
20260503,S107,P1009,34,0
20260503,S107,P1010,22,0
20260503,S107,P1011,79,0
20260503,S107,P1012,87,0
20260503,S107,P1013,41,0
20260503,S107,P1014,20,0
20260503,S107,P1015,25,0
20260503,S107,P1016,38,0
20260503,S107,P1017,52,0
20260503,S107,P1018,19,0
20260503,S107,P1019,56,0
20260503,S107,P1020,35,15
20260503,S107,P1021,48,14
20260503,S107,P1022,49,20
20260503,S107,P1023,60,0
20260503,S107,P1024,55,0
20260503,S107,P1025,57,0
20260503,S107,P1026,46,0
20260503,S107,P1027,91,0
20260503,S107,P1028,32,0
20260503,S107,P1029,33,0
20260503,S107,P1030,29,0
20260503,S107,P1031,26,15
20260503,S107,P1032,17,11
20260503,S107,P1033,62,14
20260503,S107,P1034,38,0
20260503,S107,P1035,70,0
20260503,S107,P1036,18,7
20260503,S107,P1037,22,12
20260503,S107,P1038,35,0
20260503,S107,P1039,55,13
20260503,S107,P1040,32,0
20260503,S108,P1001,74,0
20260503,S108,P1002,46,0
20260503,S108,P1003,48,0
20260503,S108,P1004,18,0
20260503,S108,P1005,49,21
20260503,S108,P1006,34,0
20260503,S108,P1007,59,18
20260503,S108,P1008,47,0
20260503,S108,P1009,103,0
20260503,S108,P1010,19,0
20260503,S108,P1011,97,0
20260503,S108,P1012,32,13
20260503,S108,P1013,31,28
20260503,S108,P1014,28,23
20260503,S108,P1015,20,15
20260503,S108,P1016,21,0
20260503,S108,P1017,37,0
20260503,S108,P1018,15,0
20260503,S108,P1019,60,0
20260503,S108,P1020,27,0
20260503,S108,P1021,72,0
20260503,S108,P1022,24,0
20260503,S108,P1023,42,0
20260503,S108,P1024,35,0
20260503,S108,P1025,72,0
20260503,S108,P1026,51,11
20260503,S108,P1027,164,29
20260503,S108,P1028,38,0
20260503,S108,P1029,17,0
20260503,S108,P1030,43,6
20260503,S108,P1031,96,30
20260503,S108,P1032,8,0
20260503,S108,P1033,31,0
20260503,S108,P1034,24,0
20260503,S108,P1035,65,22
20260503,S108,P1036,43,0
20260503,S108,P1037,54,0
20260503,S108,P1038,17,0
20260503,S108,P1039,38,0
20260503,S108,P1040,26,0
20260503,S109,P1001,92,0
20260503,S109,P1002,13,0
20260503,S109,P1003,48,0
20260503,S109,P1004,14,0
20260503,S109,P1005,43,0
20260503,S109,P1006,35,9
20260503,S109,P1007,19,22
20260503,S109,P1008,35,16
20260503,S109,P1009,52,0
20260503,S109,P1010,17,0
20260503,S109,P1011,13,0
20260503,S109,P1012,43,0
20260503,S109,P1013,59,0
20260503,S109,P1014,29,5
20260503,S109,P1015,85,18
20260503,S109,P1016,16,5
20260503,S109,P1017,19,0
20260503,S109,P1018,21,0
20260503,S109,P1019,102,0
20260503,S109,P1020,21,0
20260503,S109,P1021,39,0
20260503,S109,P1022,35,0
20260503,S109,P1023,40,9
20260503,S109,P1024,29,0
20260503,S109,P1025,47,22
20260503,S109,P1026,16,0
20260503,S109,P1027,85,23
20260503,S109,P1028,19,0
20260503,S109,P1029,36,0
20260503,S109,P1030,12,8
20260503,S109,P1031,95,0
20260503,S109,P1032,57,0
20260503,S109,P1033,97,23
20260503,S109,P1034,24,9
20260503,S109,P1035,132,0
20260503,S109,P1036,54,0
20260503,S109,P1037,40,0
20260503,S109,P1038,26,0
20260503,S109,P1039,52,20
20260503,S109,P1040,21,0
20260503,S110,P1001,97,0
20260503,S110,P1002,21,0
20260503,S110,P1003,60,0
20260503,S110,P1004,44,4
20260503,S110,P1005,56,32
20260503,S110,P1006,44,19
20260503,S110,P1007,43,0
20260503,S110,P1008,56,0
20260503,S110,P1009,74,0
20260503,S110,P1010,19,0
20260503,S110,P1011,81,0
20260503,S110,P1012,26,0
20260503,S110,P1013,40,0
20260503,S110,P1014,28,10
20260503,S110,P1015,30,0
20260503,S110,P1016,12,0
20260503,S110,P1017,54,0
20260503,S110,P1018,24,0
20260503,S110,P1019,34,0
20260503,S110,P1020,54,0
20260503,S110,P1021,74,0
20260503,S110,P1022,43,4
20260503,S110,P1023,103,0
20260503,S110,P1024,26,0
20260503,S110,P1025,51,19
20260503,S110,P1026,58,0
20260503,S110,P1027,44,17
20260503,S110,P1028,30,0
20260503,S110,P1029,110,27
20260503,S110,P1030,30,3
20260503,S110,P1031,57,0
20260503,S110,P1032,52,0
20260503,S110,P1033,84,0
20260503,S110,P1034,29,0
20260503,S110,P1035,29,0
20260503,S110,P1036,48,14
20260503,S110,P1037,42,0
20260503,S110,P1038,29,0
20260503,S110,P1039,39,8
20260503,S110,P1040,25,0
20260503,S111,P1001,17,0
20260503,S111,P1002,24,0
20260503,S111,P1003,31,0
20260503,S111,P1004,15,0
20260503,S111,P1005,27,10
20260503,S111,P1006,9,0
20260503,S111,P1007,40,0
20260503,S111,P1008,26,0
20260503,S111,P1009,19,0
20260503,S111,P1010,9,0
20260503,S111,P1011,17,5
20260503,S111,P1012,13,0
20260503,S111,P1013,68,10
20260503,S111,P1014,10,0
20260503,S111,P1015,33,0
20260503,S111,P1016,15,4
20260503,S111,P1017,11,0
20260503,S111,P1018,3,5
20260503,S111,P1019,40,0
20260503,S111,P1020,16,0
20260503,S111,P1021,25,3
20260503,S111,P1022,6,0
20260503,S111,P1023,3,0
20260503,S111,P1024,13,6
20260503,S111,P1025,29,7
20260503,S111,P1026,36,2
20260503,S111,P1027,25,0
20260503,S111,P1028,36,0
20260503,S111,P1029,25,0
20260503,S111,P1030,19,0
20260503,S111,P1031,9,0
20260503,S111,P1032,38,0
20260503,S111,P1033,13,0
20260503,S111,P1034,5,0
20260503,S111,P1035,75,0
20260503,S111,P1036,14,0
20260503,S111,P1037,44,0
20260503,S111,P1038,23,0
20260503,S111,P1039,42,0
20260503,S111,P1040,21,0
20260503,S112,P1001,23,0
20260503,S112,P1002,34,1
20260503,S112,P1003,13,0
20260503,S112,P1004,7,4
20260503,S112,P1005,39,0
20260503,S112,P1006,19,5
20260503,S112,P1007,9,0
20260503,S112,P1008,30,0
20260503,S112,P1009,37,3
20260503,S112,P1010,34,0
20260503,S112,P1011,40,0
20260503,S112,P1012,19,3
20260503,S112,P1013,9,5
20260503,S112,P1014,19,0
20260503,S112,P1015,32,0
20260503,S112,P1016,14,0
20260503,S112,P1017,29,0
20260503,S112,P1018,15,7
20260503,S112,P1019,37,0
20260503,S112,P1020,4,0
20260503,S112,P1021,36,0
20260503,S112,P1022,27,0
20260503,S112,P1023,27,12
20260503,S112,P1024,23,5
20260503,S112,P1025,30,0
20260503,S112,P1026,33,0
20260503,S112,P1027,54,7
20260503,S112,P1028,20,0
20260503,S112,P1029,27,0
20260503,S112,P1030,16,0
20260503,S112,P1031,12,4
20260503,S112,P1032,8,0
20260503,S112,P1033,24,0
20260503,S112,P1034,14,4
20260503,S112,P1035,18,5
20260503,S112,P1036,28,0
20260503,S112,P1037,58,0
20260503,S112,P1038,34,0
20260503,S112,P1039,13,0
20260503,S112,P1040,14,3
20260503,S113,P1001,35,5
20260503,S113,P1002,32,0
20260503,S113,P1003,14,2
20260503,S113,P1004,14,2
20260503,S113,P1005,22,6
20260503,S113,P1006,6,0
20260503,S113,P1007,30,0
20260503,S113,P1008,11,0
20260503,S113,P1009,68,0
20260503,S113,P1010,29,5
20260503,S113,P1011,43,0
20260503,S113,P1012,33,0
20260503,S113,P1013,32,0
20260503,S113,P1014,0,0
20260503,S113,P1015,50,0
20260503,S113,P1016,9,0
20260503,S113,P1017,25,10
20260503,S113,P1018,27,0
20260503,S113,P1019,2,0
20260503,S113,P1020,13,0
20260503,S113,P1021,26,0
20260503,S113,P1022,16,4
20260503,S113,P1023,28,3
20260503,S113,P1024,26,0
20260503,S113,P1025,40,0
20260503,S113,P1026,14,0
20260503,S113,P1027,17,2
20260503,S113,P1028,35,0
20260503,S113,P1029,26,0
20260503,S113,P1030,22,0
20260503,S113,P1031,47,0
20260503,S113,P1032,6,0
20260503,S113,P1033,32,0
20260503,S113,P1034,9,0
20260503,S113,P1035,48,0
20260503,S113,P1036,13,0
20260503,S113,P1037,23,0
20260503,S113,P1038,40,8
20260503,S113,P1039,40,7
20260503,S113,P1040,13,0
20260503,S114,P1001,16,0
20260503,S114,P1002,19,0
20260503,S114,P1003,24,0
20260503,S114,P1004,21,0
20260503,S114,P1005,14,0
20260503,S114,P1006,32,0
20260503,S114,P1007,27,5
20260503,S114,P1008,14,1
20260503,S114,P1009,107,0
20260503,S114,P1010,15,3
20260503,S114,P1011,40,3
20260503,S114,P1012,32,6
20260503,S114,P1013,23,3
20260503,S114,P1014,27,5
20260503,S114,P1015,47,0
20260503,S114,P1016,18,4
20260503,S114,P1017,35,0
20260503,S114,P1018,6,0
20260503,S114,P1019,45,0
20260503,S114,P1020,32,0
20260503,S114,P1021,39,7
20260503,S114,P1022,14,0
20260503,S114,P1023,52,6
20260503,S114,P1024,15,0
20260503,S114,P1025,15,3
20260503,S114,P1026,3,0
20260503,S114,P1027,21,0
20260503,S114,P1028,24,3
20260503,S114,P1029,18,0
20260503,S114,P1030,9,0
20260503,S114,P1031,29,0
20260503,S114,P1032,37,0
20260503,S114,P1033,19,0
20260503,S114,P1034,24,3
20260503,S114,P1035,19,3
20260503,S114,P1036,20,0
20260503,S114,P1037,16,5
20260503,S114,P1038,18,0
20260503,S114,P1039,64,0
20260503,S114,P1040,22,0
20260503,S115,P1001,16,0
20260503,S115,P1002,8,7
20260503,S115,P1003,14,0
20260503,S115,P1004,18,0
20260503,S115,P1005,31,20
20260503,S115,P1006,9,0
20260503,S115,P1007,53,0
20260503,S115,P1008,6,0
20260503,S115,P1009,36,11
20260503,S115,P1010,44,7
20260503,S115,P1011,44,0
20260503,S115,P1012,13,0
20260503,S115,P1013,19,0
20260503,S115,P1014,14,0
20260503,S115,P1015,16,0
20260503,S115,P1016,10,0
20260503,S115,P1017,22,0
20260503,S115,P1018,6,0
20260503,S115,P1019,3,0
20260503,S115,P1020,7,0
20260503,S115,P1021,18,0
20260503,S115,P1022,1,0
20260503,S115,P1023,18,0
20260503,S115,P1024,30,0
20260503,S115,P1025,15,0
20260503,S115,P1026,8,0
20260503,S115,P1027,14,0
20260503,S115,P1028,13,0
20260503,S115,P1029,68,20
20260503,S115,P1030,6,0
20260503,S115,P1031,15,0
20260503,S115,P1032,30,3
20260503,S115,P1033,10,0
20260503,S115,P1034,17,7
20260503,S115,P1035,26,22
20260503,S115,P1036,8,9
20260503,S115,P1037,43,5
20260503,S115,P1038,7,0
20260503,S115,P1039,28,0
20260503,S115,P1040,12,0
20260503,S116,P1001,8,10
20260503,S116,P1002,12,0
20260503,S116,P1003,12,0
20260503,S116,P1004,9,0
20260503,S116,P1005,22,0
20260503,S116,P1006,3,2
20260503,S116,P1007,24,0
20260503,S116,P1008,1,0
20260503,S116,P1009,8,4
20260503,S116,P1010,0,6
20260503,S116,P1011,57,0
20260503,S116,P1012,4,4
20260503,S116,P1013,5,0
20260503,S116,P1014,7,9
20260503,S116,P1015,10,0
20260503,S116,P1016,7,0
20260503,S116,P1017,19,0
20260503,S116,P1018,7,0
20260503,S116,P1019,6,0
20260503,S116,P1020,5,0
20260503,S116,P1021,5,0
20260503,S116,P1022,22,0
20260503,S116,P1023,17,0
20260503,S116,P1024,17,0
20260503,S116,P1025,11,5
20260503,S116,P1026,3,3
20260503,S116,P1027,4,0
20260503,S116,P1028,6,0
20260503,S116,P1029,17,0
20260503,S116,P1030,26,0
20260503,S116,P1031,11,0
20260503,S116,P1032,2,0
20260503,S116,P1033,18,0
20260503,S116,P1034,4,0
20260503,S116,P1035,8,0
20260503,S116,P1036,6,0
20260503,S116,P1037,12,11
20260503,S116,P1038,45,0
20260503,S116,P1039,15,0
20260503,S116,P1040,8,0
20260503,S117,P1001,8,0
20260503,S117,P1002,8,0
20260503,S117,P1003,39,0
20260503,S117,P1004,19,0
20260503,S117,P1005,24,0
20260503,S117,P1006,6,0
20260503,S117,P1007,38,0
20260503,S117,P1008,7,0
20260503,S117,P1009,39,0
20260503,S117,P1010,11,10
20260503,S117,P1011,5,7
20260503,S117,P1012,11,0
20260503,S117,P1013,28,0
20260503,S117,P1014,15,0
20260503,S117,P1015,10,0
20260503,S117,P1016,8,0
20260503,S117,P1017,29,0
20260503,S117,P1018,15,0
20260503,S117,P1019,69,0
20260503,S117,P1020,15,0
20260503,S117,P1021,47,8
20260503,S117,P1022,5,5
20260503,S117,P1023,10,0
20260503,S117,P1024,7,0
20260503,S117,P1025,26,0
20260503,S117,P1026,18,0
20260503,S117,P1027,10,0
20260503,S117,P1028,14,0
20260503,S117,P1029,7,0
20260503,S117,P1030,5,8
20260503,S117,P1031,40,0
20260503,S117,P1032,8,0
20260503,S117,P1033,28,0
20260503,S117,P1034,17,0
20260503,S117,P1035,22,11
20260503,S117,P1036,13,0
20260503,S117,P1037,24,0
20260503,S117,P1038,2,4
20260503,S117,P1039,13,0
20260503,S117,P1040,19,3
20260503,S118,P1001,12,0
20260503,S118,P1002,7,0
20260503,S118,P1003,28,0
20260503,S118,P1004,18,0
20260503,S118,P1005,25,13
20260503,S118,P1006,6,0
20260503,S118,P1007,11,12
20260503,S118,P1008,7,0
20260503,S118,P1009,12,6
20260503,S118,P1010,32,0
20260503,S118,P1011,6,0
20260503,S118,P1012,5,0
20260503,S118,P1013,52,15
20260503,S118,P1014,12,0
20260503,S118,P1015,21,17
20260503,S118,P1016,10,6
20260503,S118,P1017,20,0
20260503,S118,P1018,6,0
20260503,S118,P1019,9,0
20260503,S118,P1020,15,0
20260503,S118,P1021,8,0
20260503,S118,P1022,12,0
20260503,S118,P1023,9,0
20260503,S118,P1024,9,0
20260503,S118,P1025,23,0
20260503,S118,P1026,8,0
20260503,S118,P1027,11,0
20260503,S118,P1028,5,0
20260503,S118,P1029,30,0
20260503,S118,P1030,10,6
20260503,S118,P1031,37,11
20260503,S118,P1032,8,0
20260503,S118,P1033,10,14
20260503,S118,P1034,2,0
20260503,S118,P1035,22,17
20260503,S118,P1036,6,0
20260503,S118,P1037,25,0
20260503,S118,P1038,14,0
20260503,S118,P1039,17,0
20260503,S118,P1040,10,0
20260503,S119,P1001,8,6
20260503,S119,P1002,5,0
20260503,S119,P1003,13,0
20260503,S119,P1004,8,0
20260503,S119,P1005,16,0
20260503,S119,P1006,7,0
20260503,S119,P1007,11,0
20260503,S119,P1008,12,0
20260503,S119,P1009,44,11
20260503,S119,P1010,7,0
20260503,S119,P1011,22,9
20260503,S119,P1012,3,0
20260503,S119,P1013,27,0
20260503,S119,P1014,8,0
20260503,S119,P1015,22,0
20260503,S119,P1016,12,2
20260503,S119,P1017,9,0
20260503,S119,P1018,14,0
20260503,S119,P1019,7,0
20260503,S119,P1020,24,0
20260503,S119,P1021,23,0
20260503,S119,P1022,5,5
20260503,S119,P1023,12,13
20260503,S119,P1024,17,0
20260503,S119,P1025,16,7
20260503,S119,P1026,9,2
20260503,S119,P1027,38,8
20260503,S119,P1028,14,0
20260503,S119,P1029,14,10
20260503,S119,P1030,18,7
20260503,S119,P1031,30,0
20260503,S119,P1032,18,0
20260503,S119,P1033,26,0
20260503,S119,P1034,17,7
20260503,S119,P1035,19,26
20260503,S119,P1036,11,4
20260503,S119,P1037,9,0
20260503,S119,P1038,7,0
20260503,S119,P1039,56,17
20260503,S119,P1040,12,0
20260503,S120,P1001,10,0
20260503,S120,P1002,11,0
20260503,S120,P1003,15,0
20260503,S120,P1004,5,0
20260503,S120,P1005,24,0
20260503,S120,P1006,7,0
20260503,S120,P1007,16,0
20260503,S120,P1008,7,0
20260503,S120,P1009,21,9
20260503,S120,P1010,7,0
20260503,S120,P1011,9,0
20260503,S120,P1012,23,10
20260503,S120,P1013,18,0
20260503,S120,P1014,4,0
20260503,S120,P1015,17,0
20260503,S120,P1016,18,0
20260503,S120,P1017,31,3
20260503,S120,P1018,9,0
20260503,S120,P1019,11,0
20260503,S120,P1020,6,0
20260503,S120,P1021,8,5
20260503,S120,P1022,11,0
20260503,S120,P1023,8,0
20260503,S120,P1024,5,0
20260503,S120,P1025,20,0
20260503,S120,P1026,4,6
20260503,S120,P1027,11,0
20260503,S120,P1028,-5,3
20260503,S120,P1029,18,0
20260503,S120,P1030,7,0
20260503,S120,P1031,7,13
20260503,S120,P1032,8,0
20260503,S120,P1033,8,9
20260503,S120,P1034,22,9
20260503,S120,P1035,13,0
20260503,S120,P1036,10,0
20260503,S120,P1037,7,0
20260503,S120,P1038,9,0
20260503,S120,P1039,18,0
20260503,S120,P1040,5,4
20260510,S101,P1001,11,29
20260510,S101,P1002,7,0
20260510,S101,P1003,128,0
20260510,S101,P1004,12,10
20260510,S101,P1005,13,0
20260510,S101,P1006,11,0
20260510,S101,P1007,16,0
20260510,S101,P1008,15,0
20260510,S101,P1009,7,16
20260510,S101,P1010,5,0
20260510,S101,P1011,17,0
20260510,S101,P1012,3,0
20260510,S101,P1013,16,0
20260510,S101,P1014,156,23
20260510,S101,P1015,15,0
20260510,S101,P1016,23,0
20260510,S101,P1017,11,21
20260510,S101,P1018,10,0
20260510,S101,P1019,8,0
20260510,S101,P1020,6,7
20260510,S101,P1021,21,0
20260510,S101,P1022,2,0
20260510,S101,P1023,17,0
20260510,S101,P1024,7,9
20260510,S101,P1025,19,0
20260510,S101,P1026,3,0
20260510,S101,P1027,18,0
20260510,S101,P1028,14,0
20260510,S101,P1029,26,0
20260510,S101,P1030,14,0
20260510,S101,P1031,45,0
20260510,S101,P1032,5,9
20260510,S101,P1033,8,0
20260510,S101,P1034,10,0
20260510,S101,P1035,12,0
20260510,S101,P1036,15,0
20260510,S101,P1037,188,35
20260510,S101,P1038,18,0
20260510,S101,P1039,154,40
20260510,S101,P1040,8,0
20260510,S102,P1001,18,28
20260510,S102,P1002,8,7
20260510,S102,P1003,10,25
20260510,S102,P1004,8,5
20260510,S102,P1005,29,0
20260510,S102,P1006,17,0
20260510,S102,P1007,13,17
20260510,S102,P1008,6,10
20260510,S102,P1009,17,0
20260510,S102,P1010,8,20
20260510,S102,P1011,59,0
20260510,S102,P1012,24,0
20260510,S102,P1013,16,29
20260510,S102,P1014,13,10
20260510,S102,P1015,8,0
20260510,S102,P1016,11,0
20260510,S102,P1017,21,0
20260510,S102,P1018,6,16
20260510,S102,P1019,13,15
20260510,S102,P1020,2,0
20260510,S102,P1021,18,37
20260510,S102,P1022,9,0
20260510,S102,P1023,11,0
20260510,S102,P1024,10,11
20260510,S102,P1025,8,0
20260510,S102,P1026,5,0
20260510,S102,P1027,15,27
20260510,S102,P1028,33,0
20260510,S102,P1029,12,33
20260510,S102,P1030,20,0
20260510,S102,P1031,15,0
20260510,S102,P1032,7,0
20260510,S102,P1033,13,16
20260510,S102,P1034,5,9
20260510,S102,P1035,34,0
20260510,S102,P1036,11,0
20260510,S102,P1037,23,0
20260510,S102,P1038,79,0
20260510,S102,P1039,21,0
20260510,S102,P1040,14,0
20260510,S103,P1001,14,0
20260510,S103,P1002,9,0
20260510,S103,P1003,17,0
20260510,S103,P1004,8,0
20260510,S103,P1005,20,0
20260510,S103,P1006,2,0
20260510,S103,P1007,20,20
20260510,S103,P1008,6,16
20260510,S103,P1009,33,0
20260510,S103,P1010,5,0
20260510,S103,P1011,12,30
20260510,S103,P1012,16,0
20260510,S103,P1013,25,0
20260510,S103,P1014,5,0
20260510,S103,P1015,18,0
20260510,S103,P1016,16,0
20260510,S103,P1017,98,28
20260510,S103,P1018,21,0
20260510,S103,P1019,8,0
20260510,S103,P1020,7,0
20260510,S103,P1021,12,17
20260510,S103,P1022,12,0
20260510,S103,P1023,51,0
20260510,S103,P1024,16,0
20260510,S103,P1025,25,0
20260510,S103,P1026,28,0
20260510,S103,P1027,19,0
20260510,S103,P1028,78,8
20260510,S103,P1029,32,35
20260510,S103,P1030,8,0
20260510,S103,P1031,23,0
20260510,S103,P1032,35,0
20260510,S103,P1033,17,0
20260510,S103,P1034,9,0
20260510,S103,P1035,13,0
20260510,S103,P1036,13,0
20260510,S103,P1037,10,0
20260510,S103,P1038,15,9
20260510,S103,P1039,18,0
20260510,S103,P1040,3,0
20260510,S104,P1001,23,0
20260510,S104,P1002,8,0
20260510,S104,P1003,16,0
20260510,S104,P1004,13,0
20260510,S104,P1005,18,0
20260510,S104,P1006,1,0
20260510,S104,P1007,22,0
20260510,S104,P1008,6,0
20260510,S104,P1009,15,0
20260510,S104,P1010,28,0
20260510,S104,P1011,12,0
20260510,S104,P1012,15,0
20260510,S104,P1013,14,0
20260510,S104,P1014,13,0
20260510,S104,P1015,28,0
20260510,S104,P1016,5,0
20260510,S104,P1017,14,0
20260510,S104,P1018,13,0
20260510,S104,P1019,18,0
20260510,S104,P1020,17,0
20260510,S104,P1021,19,22
20260510,S104,P1022,17,0
20260510,S104,P1023,17,0
20260510,S104,P1024,9,0
20260510,S104,P1025,19,0
20260510,S104,P1026,5,0
20260510,S104,P1027,11,0
20260510,S104,P1028,7,8
20260510,S104,P1029,10,0
20260510,S104,P1030,8,0
20260510,S104,P1031,26,20
20260510,S104,P1032,15,0
20260510,S104,P1033,3,0
20260510,S104,P1034,9,0
20260510,S104,P1035,8,16
20260510,S104,P1036,8,11
20260510,S104,P1037,23,0
20260510,S104,P1038,4,0
20260510,S104,P1039,19,0
20260510,S104,P1040,22,0
20260510,S105,P1001,46,0
20260510,S105,P1002,6,0
20260510,S105,P1003,6,0
20260510,S105,P1004,11,0
20260510,S105,P1005,35,0
20260510,S105,P1006,19,0
20260510,S105,P1007,11,22
20260510,S105,P1008,17,0
20260510,S105,P1009,34,0
20260510,S105,P1010,35,0
20260510,S105,P1011,59,0
20260510,S105,P1012,6,0
20260510,S105,P1013,62,0
20260510,S105,P1014,6,0
20260510,S105,P1015,24,0
20260510,S105,P1016,10,0
20260510,S105,P1017,24,0
20260510,S105,P1018,6,20
20260510,S105,P1019,49,0
20260510,S105,P1020,7,0
20260510,S105,P1021,18,0
20260510,S105,P1022,29,12
20260510,S105,P1023,16,0
20260510,S105,P1024,14,0
20260510,S105,P1025,12,24
20260510,S105,P1026,7,0
20260510,S105,P1027,33,0
20260510,S105,P1028,8,0
20260510,S105,P1029,7,0
20260510,S105,P1030,6,0
20260510,S105,P1031,17,0
20260510,S105,P1032,15,0
20260510,S105,P1033,27,0
20260510,S105,P1034,4,0
20260510,S105,P1035,17,0
20260510,S105,P1036,6,0
20260510,S105,P1037,35,0
20260510,S105,P1038,6,0
20260510,S105,P1039,6,30
20260510,S105,P1040,37,0
20260510,S106,P1001,56,9
20260510,S106,P1002,24,0
20260510,S106,P1003,40,0
20260510,S106,P1004,28,0
20260510,S106,P1005,81,0
20260510,S106,P1006,10,0
20260510,S106,P1007,33,0
20260510,S106,P1008,47,0
20260510,S106,P1009,54,20
20260510,S106,P1010,61,0
20260510,S106,P1011,44,0
20260510,S106,P1012,49,0
20260510,S106,P1013,118,0
20260510,S106,P1014,10,0
20260510,S106,P1015,64,0
20260510,S106,P1016,20,13
20260510,S106,P1017,26,0
20260510,S106,P1018,18,0
20260510,S106,P1019,20,0
20260510,S106,P1020,25,0
20260510,S106,P1021,73,0
20260510,S106,P1022,55,18
20260510,S106,P1023,56,0
20260510,S106,P1024,21,0
20260510,S106,P1025,106,26
20260510,S106,P1026,31,0
20260510,S106,P1027,39,0
20260510,S106,P1028,15,6
20260510,S106,P1029,52,19
20260510,S106,P1030,16,0
20260510,S106,P1031,67,0
20260510,S106,P1032,10,8
20260510,S106,P1033,56,24
20260510,S106,P1034,23,0
20260510,S106,P1035,65,32
20260510,S106,P1036,40,0
20260510,S106,P1037,127,0
20260510,S106,P1038,25,18
20260510,S106,P1039,30,12
20260510,S106,P1040,32,0
20260510,S107,P1001,37,0
20260510,S107,P1002,9,0
20260510,S107,P1003,72,0
20260510,S107,P1004,31,0
20260510,S107,P1005,41,0
20260510,S107,P1006,34,0
20260510,S107,P1007,40,27
20260510,S107,P1008,39,10
20260510,S107,P1009,32,22
20260510,S107,P1010,35,0
20260510,S107,P1011,65,0
20260510,S107,P1012,15,0
20260510,S107,P1013,31,12
20260510,S107,P1014,9,0
20260510,S107,P1015,15,0
20260510,S107,P1016,21,0
20260510,S107,P1017,74,0
20260510,S107,P1018,19,0
20260510,S107,P1019,52,16
20260510,S107,P1020,34,0
20260510,S107,P1021,49,9
20260510,S107,P1022,66,0
20260510,S107,P1023,42,0
20260510,S107,P1024,64,15
20260510,S107,P1025,18,15
20260510,S107,P1026,22,10
20260510,S107,P1027,102,0
20260510,S107,P1028,25,0
20260510,S107,P1029,54,0
20260510,S107,P1030,59,11
20260510,S107,P1031,19,0
20260510,S107,P1032,22,0
20260510,S107,P1033,27,0
20260510,S107,P1034,24,0
20260510,S107,P1035,46,0
20260510,S107,P1036,17,0
20260510,S107,P1037,33,0
20260510,S107,P1038,32,11
20260510,S107,P1039,100,0
20260510,S107,P1040,42,0
20260510,S108,P1001,53,0
20260510,S108,P1002,45,9
20260510,S108,P1003,28,0
20260510,S108,P1004,29,0
20260510,S108,P1005,62,0
20260510,S108,P1006,29,9
20260510,S108,P1007,69,0
20260510,S108,P1008,46,0
20260510,S108,P1009,86,0
20260510,S108,P1010,15,0
20260510,S108,P1011,71,0
20260510,S108,P1012,27,4
20260510,S108,P1013,65,17
20260510,S108,P1014,33,7
20260510,S108,P1015,29,16
20260510,S108,P1016,21,0
20260510,S108,P1017,28,0
20260510,S108,P1018,13,0
20260510,S108,P1019,33,0
20260510,S108,P1020,35,0
20260510,S108,P1021,56,0
20260510,S108,P1022,46,0
20260510,S108,P1023,63,6
20260510,S108,P1024,32,0
20260510,S108,P1025,48,0
20260510,S108,P1026,69,0
20260510,S108,P1027,103,0
20260510,S108,P1028,28,9
20260510,S108,P1029,18,0
20260510,S108,P1030,30,0
20260510,S108,P1031,75,0
20260510,S108,P1032,13,0
20260510,S108,P1033,23,23
20260510,S108,P1034,17,0
20260510,S108,P1035,45,0
20260510,S108,P1036,28,0
20260510,S108,P1037,29,0
20260510,S108,P1038,32,6
20260510,S108,P1039,37,0
20260510,S108,P1040,29,0
20260510,S109,P1001,48,0
20260510,S109,P1002,25,0
20260510,S109,P1003,51,0
20260510,S109,P1004,15,0
20260510,S109,P1005,39,0
20260510,S109,P1006,19,0
20260510,S109,P1007,28,0
20260510,S109,P1008,13,0
20260510,S109,P1009,43,0
20260510,S109,P1010,30,0
20260510,S109,P1011,5,15
20260510,S109,P1012,73,15
20260510,S109,P1013,30,0
20260510,S109,P1014,35,0
20260510,S109,P1015,52,21
20260510,S109,P1016,31,9
20260510,S109,P1017,26,0
20260510,S109,P1018,47,0
20260510,S109,P1019,88,0
20260510,S109,P1020,71,13
20260510,S109,P1021,21,0
20260510,S109,P1022,28,0
20260510,S109,P1023,35,0
20260510,S109,P1024,22,0
20260510,S109,P1025,43,0
20260510,S109,P1026,15,0
20260510,S109,P1027,78,28
20260510,S109,P1028,15,0
20260510,S109,P1029,37,0
20260510,S109,P1030,13,0
20260510,S109,P1031,64,19
20260510,S109,P1032,45,14
20260510,S109,P1033,83,17
20260510,S109,P1034,25,0
20260510,S109,P1035,109,0
20260510,S109,P1036,23,0
20260510,S109,P1037,59,0
20260510,S109,P1038,16,3
20260510,S109,P1039,35,0
20260510,S109,P1040,5,11
20260510,S110,P1001,48,29
20260510,S110,P1002,12,0
20260510,S110,P1003,56,0
20260510,S110,P1004,56,0
20260510,S110,P1005,110,0
20260510,S110,P1006,56,24
20260510,S110,P1007,28,18
20260510,S110,P1008,35,0
20260510,S110,P1009,135,13
20260510,S110,P1010,30,0
20260510,S110,P1011,87,0
20260510,S110,P1012,15,0
20260510,S110,P1013,53,0
20260510,S110,P1014,19,7
20260510,S110,P1015,56,5
20260510,S110,P1016,16,6
20260510,S110,P1017,40,0
20260510,S110,P1018,28,11
20260510,S110,P1019,26,0
20260510,S110,P1020,44,0
20260510,S110,P1021,113,0
20260510,S110,P1022,16,0
20260510,S110,P1023,66,25
20260510,S110,P1024,39,0
20260510,S110,P1025,41,0
20260510,S110,P1026,51,8
20260510,S110,P1027,58,0
20260510,S110,P1028,22,0
20260510,S110,P1029,89,0
20260510,S110,P1030,29,8
20260510,S110,P1031,56,0
20260510,S110,P1032,59,0
20260510,S110,P1033,99,0
20260510,S110,P1034,18,11
20260510,S110,P1035,22,0
20260510,S110,P1036,30,17
20260510,S110,P1037,48,0
20260510,S110,P1038,35,8
20260510,S110,P1039,43,0
20260510,S110,P1040,29,0
20260510,S111,P1001,17,0
20260510,S111,P1002,39,4
20260510,S111,P1003,50,16
20260510,S111,P1004,16,4
20260510,S111,P1005,13,0
20260510,S111,P1006,8,0
20260510,S111,P1007,32,0
20260510,S111,P1008,28,5
20260510,S111,P1009,12,0
20260510,S111,P1010,9,0
20260510,S111,P1011,10,0
20260510,S111,P1012,12,0
20260510,S111,P1013,65,6
20260510,S111,P1014,14,0
20260510,S111,P1015,45,0
20260510,S111,P1016,23,0
20260510,S111,P1017,17,2
20260510,S111,P1018,7,3
20260510,S111,P1019,34,0
20260510,S111,P1020,47,0
20260510,S111,P1021,6,0
20260510,S111,P1022,19,0
20260510,S111,P1023,3,0
20260510,S111,P1024,17,4
20260510,S111,P1025,15,9
20260510,S111,P1026,18,0
20260510,S111,P1027,34,9
20260510,S111,P1028,38,3
20260510,S111,P1029,30,0
20260510,S111,P1030,10,0
20260510,S111,P1031,11,0
20260510,S111,P1032,62,0
20260510,S111,P1033,33,1
20260510,S111,P1034,4,0
20260510,S111,P1035,57,0
20260510,S111,P1036,16,0
20260510,S111,P1037,35,0
20260510,S111,P1038,18,0
20260510,S111,P1039,58,0
20260510,S111,P1040,9,3
20260510,S112,P1001,25,0
20260510,S112,P1002,55,0
20260510,S112,P1003,9,4
20260510,S112,P1004,8,0
20260510,S112,P1005,58,0
20260510,S112,P1006,13,6
20260510,S112,P1007,18,8
20260510,S112,P1008,50,0
20260510,S112,P1009,31,0
20260510,S112,P1010,31,0
20260510,S112,P1011,49,4
20260510,S112,P1012,16,0
20260510,S112,P1013,14,3
20260510,S112,P1014,16,0
20260510,S112,P1015,28,0
20260510,S112,P1016,13,5
20260510,S112,P1017,24,0
20260510,S112,P1018,24,2
20260510,S112,P1019,45,0
20260510,S112,P1020,8,0
20260510,S112,P1021,24,5
20260510,S112,P1022,26,4
20260510,S112,P1023,20,11
20260510,S112,P1024,18,0
20260510,S112,P1025,41,0
20260510,S112,P1026,30,6
20260510,S112,P1027,78,9
20260510,S112,P1028,26,1
20260510,S112,P1029,17,0
20260510,S112,P1030,10,0
20260510,S112,P1031,10,0
20260510,S112,P1032,15,0
20260510,S112,P1033,30,12
20260510,S112,P1034,33,0
20260510,S112,P1035,21,3
20260510,S112,P1036,33,0
20260510,S112,P1037,32,9
20260510,S112,P1038,19,0
20260510,S112,P1039,21,8
20260510,S112,P1040,48,0
20260510,S113,P1001,55,0
20260510,S113,P1002,29,0
20260510,S113,P1003,16,0
20260510,S113,P1004,15,2
20260510,S113,P1005,22,0
20260510,S113,P1006,1,0
20260510,S113,P1007,28,0
20260510,S113,P1008,14,0
20260510,S113,P1009,58,0
20260510,S113,P1010,40,0
20260510,S113,P1011,28,8
20260510,S113,P1012,27,0
20260510,S113,P1013,28,0
20260510,S113,P1014,5,0
20260510,S113,P1015,31,0
20260510,S113,P1016,10,0
20260510,S113,P1017,33,0
20260510,S113,P1018,26,4
20260510,S113,P1019,0,0
20260510,S113,P1020,13,0
20260510,S113,P1021,32,0
20260510,S113,P1022,18,0
20260510,S113,P1023,17,0
20260510,S113,P1024,26,9
20260510,S113,P1025,34,12
20260510,S113,P1026,10,0
20260510,S113,P1027,14,0
20260510,S113,P1028,27,0
20260510,S113,P1029,33,5
20260510,S113,P1030,35,4
20260510,S113,P1031,48,0
20260510,S113,P1032,6,0
20260510,S113,P1033,37,0
20260510,S113,P1034,9,0
20260510,S113,P1035,51,16
20260510,S113,P1036,8,0
20260510,S113,P1037,12,0
20260510,S113,P1038,24,0
20260510,S113,P1039,37,7
20260510,S113,P1040,-5,0
20260510,S114,P1001,14,0
20260510,S114,P1002,35,3
20260510,S114,P1003,17,0
20260510,S114,P1004,44,0
20260510,S114,P1005,11,0
20260510,S114,P1006,24,5
20260510,S114,P1007,23,0
20260510,S114,P1008,10,0
20260510,S114,P1009,96,9
20260510,S114,P1010,18,1
20260510,S114,P1011,28,0
20260510,S114,P1012,23,0
20260510,S114,P1013,24,4
20260510,S114,P1014,11,0
20260510,S114,P1015,52,0
20260510,S114,P1016,44,0
20260510,S114,P1017,41,2
20260510,S114,P1018,14,0
20260510,S114,P1019,51,0
20260510,S114,P1020,36,4
20260510,S114,P1021,16,0
20260510,S114,P1022,16,0
20260510,S114,P1023,72,0
20260510,S114,P1024,36,6
20260510,S114,P1025,22,0
20260510,S114,P1026,1,0
20260510,S114,P1027,12,0
20260510,S114,P1028,13,3
20260510,S114,P1029,20,0
20260510,S114,P1030,3,0
20260510,S114,P1031,25,0
20260510,S114,P1032,28,0
20260510,S114,P1033,8,0
20260510,S114,P1034,18,0
20260510,S114,P1035,39,0
20260510,S114,P1036,34,0
20260510,S114,P1037,22,0
20260510,S114,P1038,9,0
20260510,S114,P1039,73,0
20260510,S114,P1040,22,0
20260510,S115,P1001,15,0
20260510,S115,P1002,12,0
20260510,S115,P1003,31,0
20260510,S115,P1004,7,0
20260510,S115,P1005,21,0
20260510,S115,P1006,4,2
20260510,S115,P1007,42,0
20260510,S115,P1008,13,0
20260510,S115,P1009,44,0
20260510,S115,P1010,43,0
20260510,S115,P1011,35,0
20260510,S115,P1012,9,0
20260510,S115,P1013,14,0
20260510,S115,P1014,7,0
20260510,S115,P1015,5,4
20260510,S115,P1016,9,0
20260510,S115,P1017,17,0
20260510,S115,P1018,3,0
20260510,S115,P1019,4,0
20260510,S115,P1020,7,0
20260510,S115,P1021,9,5
20260510,S115,P1022,5,0
20260510,S115,P1023,18,0
20260510,S115,P1024,14,0
20260510,S115,P1025,4,4
20260510,S115,P1026,4,0
20260510,S115,P1027,17,0
20260510,S115,P1028,10,0
20260510,S115,P1029,83,28
20260510,S115,P1030,8,7
20260510,S115,P1031,25,0
20260510,S115,P1032,22,0
20260510,S115,P1033,8,0
20260510,S115,P1034,14,0
20260510,S115,P1035,21,0
20260510,S115,P1036,9,0
20260510,S115,P1037,20,0
20260510,S115,P1038,9,0
20260510,S115,P1039,19,11
20260510,S115,P1040,12,0
20260510,S116,P1001,19,7
20260510,S116,P1002,9,0
20260510,S116,P1003,14,11
20260510,S116,P1004,9,0
20260510,S116,P1005,20,0
20260510,S116,P1006,3,0
20260510,S116,P1007,20,0
20260510,S116,P1008,3,0
20260510,S116,P1009,6,0
20260510,S116,P1010,2,5
20260510,S116,P1011,47,0
20260510,S116,P1012,5,0
20260510,S116,P1013,5,16
20260510,S116,P1014,6,2
20260510,S116,P1015,12,0
20260510,S116,P1016,3,6
20260510,S116,P1017,24,10
20260510,S116,P1018,7,5
20260510,S116,P1019,10,0
20260510,S116,P1020,7,0
20260510,S116,P1021,6,9
20260510,S116,P1022,22,7
20260510,S116,P1023,12,0
20260510,S116,P1024,6,9
20260510,S116,P1025,10,0
20260510,S116,P1026,6,0
20260510,S116,P1027,4,0
20260510,S116,P1028,3,0
20260510,S116,P1029,8,0
20260510,S116,P1030,33,0
20260510,S116,P1031,10,0
20260510,S116,P1032,1,0
20260510,S116,P1033,21,0
20260510,S116,P1034,2,0
20260510,S116,P1035,12,0
20260510,S116,P1036,9,4
20260510,S116,P1037,16,0
20260510,S116,P1038,20,8
20260510,S116,P1039,30,0
20260510,S116,P1040,8,0
20260510,S117,P1001,3,0
20260510,S117,P1002,10,0
20260510,S117,P1003,21,0
20260510,S117,P1004,12,0
20260510,S117,P1005,35,0
20260510,S117,P1006,5,0
20260510,S117,P1007,40,9
20260510,S117,P1008,7,4
20260510,S117,P1009,22,0
20260510,S117,P1010,5,6
20260510,S117,P1011,12,0
20260510,S117,P1012,6,0
20260510,S117,P1013,25,0
20260510,S117,P1014,19,0
20260510,S117,P1015,18,0
20260510,S117,P1016,14,0
20260510,S117,P1017,26,14
20260510,S117,P1018,15,0
20260510,S117,P1019,74,0
20260510,S117,P1020,15,0
20260510,S117,P1021,41,0
20260510,S117,P1022,-4,4
20260510,S117,P1023,8,11
20260510,S117,P1024,6,5
20260510,S117,P1025,36,4
20260510,S117,P1026,23,7
20260510,S117,P1027,24,0
20260510,S117,P1028,9,0
20260510,S117,P1029,7,0
20260510,S117,P1030,17,0
20260510,S117,P1031,21,0
20260510,S117,P1032,7,0
20260510,S117,P1033,19,18
20260510,S117,P1034,7,0
20260510,S117,P1035,21,13
20260510,S117,P1036,6,4
20260510,S117,P1037,24,19
20260510,S117,P1038,6,4
20260510,S117,P1039,10,0
20260510,S117,P1040,16,0
20260510,S118,P1001,11,0
20260510,S118,P1002,8,7
20260510,S118,P1003,26,15
20260510,S118,P1004,8,5
20260510,S118,P1005,19,10
20260510,S118,P1006,18,0
20260510,S118,P1007,12,0
20260510,S118,P1008,2,0
20260510,S118,P1009,10,0
20260510,S118,P1010,25,0
20260510,S118,P1011,11,14
20260510,S118,P1012,4,2
20260510,S118,P1013,29,13
20260510,S118,P1014,3,0
20260510,S118,P1015,13,17
20260510,S118,P1016,12,0
20260510,S118,P1017,18,0
20260510,S118,P1018,4,0
20260510,S118,P1019,7,0
20260510,S118,P1020,10,0
20260510,S118,P1021,11,6
20260510,S118,P1022,5,0
20260510,S118,P1023,10,0
20260510,S118,P1024,8,7
20260510,S118,P1025,25,0
20260510,S118,P1026,8,3
20260510,S118,P1027,10,7
20260510,S118,P1028,14,0
20260510,S118,P1029,39,10
20260510,S118,P1030,14,7
20260510,S118,P1031,-3,0
20260510,S118,P1032,13,0
20260510,S118,P1033,8,0
20260510,S118,P1034,8,6
20260510,S118,P1035,13,0
20260510,S118,P1036,7,0
20260510,S118,P1037,16,0
20260510,S118,P1038,16,8
20260510,S118,P1039,20,8
20260510,S118,P1040,3,10
20260510,S119,P1001,12,0
20260510,S119,P1002,7,8
20260510,S119,P1003,8,0
20260510,S119,P1004,4,0
20260510,S119,P1005,18,0
20260510,S119,P1006,12,0
20260510,S119,P1007,3,0
20260510,S119,P1008,19,0
20260510,S119,P1009,35,7
20260510,S119,P1010,7,0
20260510,S119,P1011,12,0
20260510,S119,P1012,3,0
20260510,S119,P1013,9,10
20260510,S119,P1014,18,0
20260510,S119,P1015,20,0
20260510,S119,P1016,8,0
20260510,S119,P1017,14,6
20260510,S119,P1018,13,0
20260510,S119,P1019,8,6
20260510,S119,P1020,10,0
20260510,S119,P1021,25,0
20260510,S119,P1022,8,0
20260510,S119,P1023,17,13
20260510,S119,P1024,15,0
20260510,S119,P1025,20,0
20260510,S119,P1026,6,0
20260510,S119,P1027,41,0
20260510,S119,P1028,8,8
20260510,S119,P1029,11,0
20260510,S119,P1030,8,0
20260510,S119,P1031,27,19
20260510,S119,P1032,9,0
20260510,S119,P1033,16,16
20260510,S119,P1034,10,0
20260510,S119,P1035,8,0
20260510,S119,P1036,10,5
20260510,S119,P1037,15,10
20260510,S119,P1038,13,0
20260510,S119,P1039,44,18
20260510,S119,P1040,14,0
20260510,S120,P1001,6,0
20260510,S120,P1002,7,0
20260510,S120,P1003,12,9
20260510,S120,P1004,8,0
20260510,S120,P1005,29,0
20260510,S120,P1006,2,4
20260510,S120,P1007,23,0
20260510,S120,P1008,8,0
20260510,S120,P1009,6,0
20260510,S120,P1010,6,0
20260510,S120,P1011,10,0
20260510,S120,P1012,17,0
20260510,S120,P1013,22,0
20260510,S120,P1014,6,0
20260510,S120,P1015,20,15
20260510,S120,P1016,14,0
20260510,S120,P1017,55,8
20260510,S120,P1018,6,0
20260510,S120,P1019,13,8
20260510,S120,P1020,6,0
20260510,S120,P1021,20,10
20260510,S120,P1022,9,0
20260510,S120,P1023,22,14
20260510,S120,P1024,4,0
20260510,S120,P1025,10,0
20260510,S120,P1026,16,10
20260510,S120,P1027,12,0
20260510,S120,P1028,6,0
20260510,S120,P1029,23,0
20260510,S120,P1030,11,0
20260510,S120,P1031,13,0
20260510,S120,P1032,6,0
20260510,S120,P1033,19,0
20260510,S120,P1034,11,0
20260510,S120,P1035,12,0
20260510,S120,P1036,14,0
20260510,S120,P1037,13,0
20260510,S120,P1038,12,0
20260510,S120,P1039,29,0
20260510,S120,P1040,4,0
20260517,S101,P1001,17,0
20260517,S101,P1002,1,0
20260517,S101,P1003,93,0
20260517,S101,P1004,9,0
20260517,S101,P1005,16,0
20260517,S101,P1006,4,0
20260517,S101,P1007,14,0
20260517,S101,P1008,12,12
20260517,S101,P1009,16,15
20260517,S101,P1010,2,0
20260517,S101,P1011,31,28
20260517,S101,P1012,3,0
20260517,S101,P1013,10,0
20260517,S101,P1014,32,0
20260517,S101,P1015,12,0
20260517,S101,P1016,26,22
20260517,S101,P1017,8,0
20260517,S101,P1018,20,0
20260517,S101,P1019,16,20
20260517,S101,P1020,7,14
20260517,S101,P1021,24,0
20260517,S101,P1022,4,0
20260517,S101,P1023,17,0
20260517,S101,P1024,17,0
20260517,S101,P1025,23,28
20260517,S101,P1026,6,7
20260517,S101,P1027,16,0
20260517,S101,P1028,10,0
20260517,S101,P1029,45,0
20260517,S101,P1030,8,0
20260517,S101,P1031,48,48
20260517,S101,P1032,5,0
20260517,S101,P1033,12,19
20260517,S101,P1034,14,11
20260517,S101,P1035,13,0
20260517,S101,P1036,14,0
20260517,S101,P1037,64,29
20260517,S101,P1038,11,0
20260517,S101,P1039,159,33
20260517,S101,P1040,5,0
20260517,S102,P1001,9,15
20260517,S102,P1002,6,11
20260517,S102,P1003,16,26
20260517,S102,P1004,8,0
20260517,S102,P1005,41,0
20260517,S102,P1006,20,0
20260517,S102,P1007,21,0
20260517,S102,P1008,5,0
20260517,S102,P1009,11,0
20260517,S102,P1010,9,0
20260517,S102,P1011,47,0
20260517,S102,P1012,31,0
20260517,S102,P1013,22,27
20260517,S102,P1014,5,0
20260517,S102,P1015,7,0
20260517,S102,P1016,21,0
20260517,S102,P1017,14,0
20260517,S102,P1018,5,0
20260517,S102,P1019,26,0
20260517,S102,P1020,4,15
20260517,S102,P1021,14,40
20260517,S102,P1022,5,0
20260517,S102,P1023,11,0
20260517,S102,P1024,9,0
20260517,S102,P1025,10,0
20260517,S102,P1026,6,0
20260517,S102,P1027,5,0
20260517,S102,P1028,21,22
20260517,S102,P1029,11,0
20260517,S102,P1030,30,0
20260517,S102,P1031,15,21
20260517,S102,P1032,7,10
20260517,S102,P1033,13,0
20260517,S102,P1034,5,9
20260517,S102,P1035,32,52
20260517,S102,P1036,10,0
20260517,S102,P1037,36,31
20260517,S102,P1038,55,0
20260517,S102,P1039,17,0
20260517,S102,P1040,6,0
20260517,S103,P1001,23,22
20260517,S103,P1002,4,19
20260517,S103,P1003,12,13
20260517,S103,P1004,18,14
20260517,S103,P1005,19,20
20260517,S103,P1006,7,7
20260517,S103,P1007,9,17
20260517,S103,P1008,4,0
20260517,S103,P1009,31,38
20260517,S103,P1010,7,0
20260517,S103,P1011,12,19
20260517,S103,P1012,10,0
20260517,S103,P1013,30,34
20260517,S103,P1014,3,0
20260517,S103,P1015,23,0
20260517,S103,P1016,18,0
20260517,S103,P1017,88,32
20260517,S103,P1018,10,26
20260517,S103,P1019,16,0
20260517,S103,P1020,9,7
20260517,S103,P1021,11,0
20260517,S103,P1022,14,0
20260517,S103,P1023,37,44
20260517,S103,P1024,22,15
20260517,S103,P1025,20,27
20260517,S103,P1026,22,0
20260517,S103,P1027,5,0
20260517,S103,P1028,24,0
20260517,S103,P1029,16,30
20260517,S103,P1030,14,0
20260517,S103,P1031,35,0
20260517,S103,P1032,26,0
20260517,S103,P1033,16,0
20260517,S103,P1034,9,0
20260517,S103,P1035,18,20
20260517,S103,P1036,12,0
20260517,S103,P1037,13,13
20260517,S103,P1038,10,0
20260517,S103,P1039,13,29
20260517,S103,P1040,1,0
20260517,S104,P1001,15,0
20260517,S104,P1002,10,14
20260517,S104,P1003,16,0
20260517,S104,P1004,7,0
20260517,S104,P1005,19,27
20260517,S104,P1006,5,0
20260517,S104,P1007,12,0
20260517,S104,P1008,11,20
20260517,S104,P1009,12,0
20260517,S104,P1010,16,0
20260517,S104,P1011,9,0
20260517,S104,P1012,7,0
20260517,S104,P1013,17,0
20260517,S104,P1014,11,0
20260517,S104,P1015,9,29
20260517,S104,P1016,7,5
20260517,S104,P1017,10,0
20260517,S104,P1018,6,0
20260517,S104,P1019,14,59
20260517,S104,P1020,13,26
20260517,S104,P1021,17,0
20260517,S104,P1022,13,0
20260517,S104,P1023,12,9
20260517,S104,P1024,5,7
20260517,S104,P1025,9,0
20260517,S104,P1026,13,20
20260517,S104,P1027,17,17
20260517,S104,P1028,8,6
20260517,S104,P1029,9,0
20260517,S104,P1030,8,0
20260517,S104,P1031,19,14
20260517,S104,P1032,9,11
20260517,S104,P1033,10,0
20260517,S104,P1034,17,0
20260517,S104,P1035,5,0
20260517,S104,P1036,5,0
20260517,S104,P1037,31,46
20260517,S104,P1038,3,8
20260517,S104,P1039,32,0
20260517,S104,P1040,22,23
20260517,S105,P1001,46,51
20260517,S105,P1002,6,14
20260517,S105,P1003,24,0
20260517,S105,P1004,17,16
20260517,S105,P1005,19,0
20260517,S105,P1006,12,7
20260517,S105,P1007,16,0
20260517,S105,P1008,13,0
20260517,S105,P1009,18,29
20260517,S105,P1010,27,0
20260517,S105,P1011,45,0
20260517,S105,P1012,3,0
20260517,S105,P1013,65,0
20260517,S105,P1014,10,0
20260517,S105,P1015,23,0
20260517,S105,P1016,15,0
20260517,S105,P1017,22,33
20260517,S105,P1018,9,15
20260517,S105,P1019,83,0
20260517,S105,P1020,7,0
20260517,S105,P1021,36,0
20260517,S105,P1022,31,0
20260517,S105,P1023,8,0
20260517,S105,P1024,5,24
20260517,S105,P1025,18,0
20260517,S105,P1026,10,0
20260517,S105,P1027,14,0
20260517,S105,P1028,10,0
20260517,S105,P1029,20,0
20260517,S105,P1030,16,0
20260517,S105,P1031,24,0
20260517,S105,P1032,11,0
20260517,S105,P1033,16,0
20260517,S105,P1034,5,0
20260517,S105,P1035,40,0
20260517,S105,P1036,9,0
20260517,S105,P1037,54,16
20260517,S105,P1038,11,0
20260517,S105,P1039,15,0
20260517,S105,P1040,32,0
20260517,S106,P1001,33,18
20260517,S106,P1002,20,0
20260517,S106,P1003,55,0
20260517,S106,P1004,35,12
20260517,S106,P1005,128,0
20260517,S106,P1006,19,3
20260517,S106,P1007,42,0
20260517,S106,P1008,50,13
20260517,S106,P1009,44,28
20260517,S106,P1010,28,0
20260517,S106,P1011,86,0
20260517,S106,P1012,55,0
20260517,S106,P1013,139,0
20260517,S106,P1014,17,1
20260517,S106,P1015,64,0
20260517,S106,P1016,25,0
20260517,S106,P1017,53,21
20260517,S106,P1018,27,0
20260517,S106,P1019,49,0
20260517,S106,P1020,14,0
20260517,S106,P1021,96,0
20260517,S106,P1022,74,15
20260517,S106,P1023,59,30
20260517,S106,P1024,27,0
20260517,S106,P1025,58,33
20260517,S106,P1026,44,0
20260517,S106,P1027,88,0
20260517,S106,P1028,35,0
20260517,S106,P1029,41,27
20260517,S106,P1030,32,0
20260517,S106,P1031,68,0
20260517,S106,P1032,17,0
20260517,S106,P1033,94,25
20260517,S106,P1034,34,11
20260517,S106,P1035,83,0
20260517,S106,P1036,18,0
20260517,S106,P1037,139,28
20260517,S106,P1038,21,0
20260517,S106,P1039,37,6
20260517,S106,P1040,17,0
20260517,S107,P1001,33,0
20260517,S107,P1002,15,0
20260517,S107,P1003,83,0
20260517,S107,P1004,42,0
20260517,S107,P1005,26,0
20260517,S107,P1006,33,14
20260517,S107,P1007,60,0
20260517,S107,P1008,32,0
20260517,S107,P1009,20,0
20260517,S107,P1010,38,0
20260517,S107,P1011,56,0
20260517,S107,P1012,23,0
20260517,S107,P1013,35,4
20260517,S107,P1014,24,0
20260517,S107,P1015,25,0
20260517,S107,P1016,30,0
20260517,S107,P1017,76,0
20260517,S107,P1018,20,0
20260517,S107,P1019,33,17
20260517,S107,P1020,35,0
20260517,S107,P1021,48,0
20260517,S107,P1022,34,0
20260517,S107,P1023,55,0
20260517,S107,P1024,51,0
20260517,S107,P1025,57,0
20260517,S107,P1026,21,17
20260517,S107,P1027,164,0
20260517,S107,P1028,14,8
20260517,S107,P1029,39,23
20260517,S107,P1030,70,0
20260517,S107,P1031,16,0
20260517,S107,P1032,19,10
20260517,S107,P1033,26,0
20260517,S107,P1034,24,8
20260517,S107,P1035,75,0
20260517,S107,P1036,28,0
20260517,S107,P1037,45,0
20260517,S107,P1038,46,0
20260517,S107,P1039,91,0
20260517,S107,P1040,41,0
20260517,S108,P1001,47,0
20260517,S108,P1002,73,0
20260517,S108,P1003,31,13
20260517,S108,P1004,28,0
20260517,S108,P1005,59,0
20260517,S108,P1006,15,0
20260517,S108,P1007,35,0
20260517,S108,P1008,33,0
20260517,S108,P1009,92,0
20260517,S108,P1010,8,0
20260517,S108,P1011,108,0
20260517,S108,P1012,33,6
20260517,S108,P1013,36,0
20260517,S108,P1014,28,7
20260517,S108,P1015,42,0
20260517,S108,P1016,12,0
20260517,S108,P1017,41,0
20260517,S108,P1018,18,0
20260517,S108,P1019,52,0
20260517,S108,P1020,53,0
20260517,S108,P1021,64,0
20260517,S108,P1022,36,0
20260517,S108,P1023,44,0
20260517,S108,P1024,38,0
20260517,S108,P1025,25,23
20260517,S108,P1026,31,0
20260517,S108,P1027,125,0
20260517,S108,P1028,35,0
20260517,S108,P1029,17,0
20260517,S108,P1030,33,0
20260517,S108,P1031,54,0
20260517,S108,P1032,16,6
20260517,S108,P1033,38,0
20260517,S108,P1034,29,0
20260517,S108,P1035,59,0
20260517,S108,P1036,28,9
20260517,S108,P1037,49,22
20260517,S108,P1038,21,9
20260517,S108,P1039,28,24
20260517,S108,P1040,24,0
20260517,S109,P1001,28,0
20260517,S109,P1002,27,11
20260517,S109,P1003,59,0
20260517,S109,P1004,18,0
20260517,S109,P1005,27,0
20260517,S109,P1006,27,0
20260517,S109,P1007,32,0
20260517,S109,P1008,11,20
20260517,S109,P1009,33,0
20260517,S109,P1010,18,0
20260517,S109,P1011,11,0
20260517,S109,P1012,44,10
20260517,S109,P1013,45,0
20260517,S109,P1014,26,0
20260517,S109,P1015,47,0
20260517,S109,P1016,23,4
20260517,S109,P1017,28,15
20260517,S109,P1018,35,5
20260517,S109,P1019,73,0
20260517,S109,P1020,24,0
20260517,S109,P1021,20,0
20260517,S109,P1022,52,10
20260517,S109,P1023,42,0
20260517,S109,P1024,41,0
20260517,S109,P1025,45,14
20260517,S109,P1026,18,6
20260517,S109,P1027,53,24
20260517,S109,P1028,30,8
20260517,S109,P1029,56,0
20260517,S109,P1030,25,0
20260517,S109,P1031,64,0
20260517,S109,P1032,51,0
20260517,S109,P1033,58,0
20260517,S109,P1034,30,0
20260517,S109,P1035,103,0
20260517,S109,P1036,44,0
20260517,S109,P1037,92,10
20260517,S109,P1038,12,0
20260517,S109,P1039,49,0
20260517,S109,P1040,7,0
20260517,S110,P1001,102,0
20260517,S110,P1002,17,0
20260517,S110,P1003,43,0
20260517,S110,P1004,39,0
20260517,S110,P1005,88,0
20260517,S110,P1006,22,0
20260517,S110,P1007,31,0
20260517,S110,P1008,72,12
20260517,S110,P1009,101,0
20260517,S110,P1010,23,7
20260517,S110,P1011,83,0
20260517,S110,P1012,18,0
20260517,S110,P1013,88,0
20260517,S110,P1014,24,11
20260517,S110,P1015,23,0
20260517,S110,P1016,14,0
20260517,S110,P1017,31,0
20260517,S110,P1018,23,11
20260517,S110,P1019,42,0
20260517,S110,P1020,70,0
20260517,S110,P1021,87,20
20260517,S110,P1022,27,0
20260517,S110,P1023,72,21
20260517,S110,P1024,26,0
20260517,S110,P1025,39,17
20260517,S110,P1026,53,0
20260517,S110,P1027,81,30
20260517,S110,P1028,21,0
20260517,S110,P1029,127,17
20260517,S110,P1030,34,5
20260517,S110,P1031,72,0
20260517,S110,P1032,40,23
20260517,S110,P1033,79,17
20260517,S110,P1034,14,0
20260517,S110,P1035,33,20
20260517,S110,P1036,36,18
20260517,S110,P1037,73,0
20260517,S110,P1038,25,11
20260517,S110,P1039,37,0
20260517,S110,P1040,16,14
20260517,S111,P1001,21,4
20260517,S111,P1002,26,0
20260517,S111,P1003,52,0
20260517,S111,P1004,8,3
20260517,S111,P1005,35,0
20260517,S111,P1006,16,0
20260517,S111,P1007,24,0
20260517,S111,P1008,30,0
20260517,S111,P1009,13,0
20260517,S111,P1010,15,2
20260517,S111,P1011,10,0
20260517,S111,P1012,8,0
20260517,S111,P1013,49,12
20260517,S111,P1014,12,0
20260517,S111,P1015,27,0
20260517,S111,P1016,20,0
20260517,S111,P1017,24,0
20260517,S111,P1018,9,4
20260517,S111,P1019,63,0
20260517,S111,P1020,13,3
20260517,S111,P1021,7,0
20260517,S111,P1022,30,8
20260517,S111,P1023,1,0
20260517,S111,P1024,23,0
20260517,S111,P1025,27,0
20260517,S111,P1026,28,0
20260517,S111,P1027,49,0
20260517,S111,P1028,29,0
20260517,S111,P1029,17,0
20260517,S111,P1030,16,4
20260517,S111,P1031,3,0
20260517,S111,P1032,50,7
20260517,S111,P1033,15,2
20260517,S111,P1034,10,0
20260517,S111,P1035,43,6
20260517,S111,P1036,6,0
20260517,S111,P1037,40,0
20260517,S111,P1038,13,0
20260517,S111,P1039,43,0
20260517,S111,P1040,7,0
20260517,S112,P1001,22,5
20260517,S112,P1002,29,0
20260517,S112,P1003,4,11
20260517,S112,P1004,18,0
20260517,S112,P1005,52,0
20260517,S112,P1006,26,0
20260517,S112,P1007,14,4
20260517,S112,P1008,31,0
20260517,S112,P1009,23,0
20260517,S112,P1010,46,0
20260517,S112,P1011,31,0
20260517,S112,P1012,12,3
20260517,S112,P1013,21,0
20260517,S112,P1014,13,0
20260517,S112,P1015,42,0
20260517,S112,P1016,10,0
20260517,S112,P1017,25,0
20260517,S112,P1018,30,0
20260517,S112,P1019,62,0
20260517,S112,P1020,12,0
20260517,S112,P1021,38,8
20260517,S112,P1022,30,4
20260517,S112,P1023,27,7
20260517,S112,P1024,23,7
20260517,S112,P1025,29,0
20260517,S112,P1026,44,0
20260517,S112,P1027,54,0
20260517,S112,P1028,15,0
20260517,S112,P1029,22,6
20260517,S112,P1030,15,0
20260517,S112,P1031,33,0
20260517,S112,P1032,6,7
20260517,S112,P1033,22,0
20260517,S112,P1034,39,0
20260517,S112,P1035,17,0
20260517,S112,P1036,20,0
20260517,S112,P1037,27,0
20260517,S112,P1038,13,0
20260517,S112,P1039,24,3
20260517,S112,P1040,16,0
20260517,S113,P1001,66,0
20260517,S113,P1002,21,0
20260517,S113,P1003,33,2
20260517,S113,P1004,21,7
20260517,S113,P1005,21,4
20260517,S113,P1006,9,6
20260517,S113,P1007,25,0
20260517,S113,P1008,9,0
20260517,S113,P1009,65,0
20260517,S113,P1010,37,5
20260517,S113,P1011,38,6
20260517,S113,P1012,45,4
20260517,S113,P1013,27,0
20260517,S113,P1014,2,0
20260517,S113,P1015,17,4
20260517,S113,P1016,16,0
20260517,S113,P1017,21,0
20260517,S113,P1018,24,0
20260517,S113,P1019,1,0
20260517,S113,P1020,7,0
20260517,S113,P1021,32,0
20260517,S113,P1022,23,0
20260517,S113,P1023,14,0
20260517,S113,P1024,16,0
20260517,S113,P1025,23,0
20260517,S113,P1026,6,2
20260517,S113,P1027,14,4
20260517,S113,P1028,18,0
20260517,S113,P1029,19,3
20260517,S113,P1030,21,4
20260517,S113,P1031,61,7
20260517,S113,P1032,3,2
20260517,S113,P1033,29,0
20260517,S113,P1034,11,0
20260517,S113,P1035,46,0
20260517,S113,P1036,10,0
20260517,S113,P1037,28,0
20260517,S113,P1038,25,0
20260517,S113,P1039,55,0
20260517,S113,P1040,20,4
20260517,S114,P1001,20,0
20260517,S114,P1002,31,5
20260517,S114,P1003,23,9
20260517,S114,P1004,33,0
20260517,S114,P1005,12,0
20260517,S114,P1006,31,0
20260517,S114,P1007,36,0
20260517,S114,P1008,11,0
20260517,S114,P1009,101,11
20260517,S114,P1010,23,0
20260517,S114,P1011,16,0
20260517,S114,P1012,22,0
20260517,S114,P1013,19,4
20260517,S114,P1014,11,0
20260517,S114,P1015,30,0
20260517,S114,P1016,27,0
20260517,S114,P1017,34,11
20260517,S114,P1018,8,0
20260517,S114,P1019,25,0
20260517,S114,P1020,46,0
20260517,S114,P1021,25,0
20260517,S114,P1022,7,2
20260517,S114,P1023,64,0
20260517,S114,P1024,42,0
20260517,S114,P1025,23,3
20260517,S114,P1026,2,1
20260517,S114,P1027,20,0
20260517,S114,P1028,8,5
20260517,S114,P1029,37,10
20260517,S114,P1030,10,6
20260517,S114,P1031,28,0
20260517,S114,P1032,17,0
20260517,S114,P1033,16,0
20260517,S114,P1034,31,0
20260517,S114,P1035,38,0
20260517,S114,P1036,20,6
20260517,S114,P1037,26,0
20260517,S114,P1038,21,0
20260517,S114,P1039,91,8
20260517,S114,P1040,23,0
20260517,S115,P1001,12,0
20260517,S115,P1002,12,0
20260517,S115,P1003,26,0
20260517,S115,P1004,9,0
20260517,S115,P1005,20,16
20260517,S115,P1006,5,2
20260517,S115,P1007,42,13
20260517,S115,P1008,9,0
20260517,S115,P1009,41,0
20260517,S115,P1010,43,0
20260517,S115,P1011,75,16
20260517,S115,P1012,5,0
20260517,S115,P1013,18,0
20260517,S115,P1014,4,0
20260517,S115,P1015,13,0
20260517,S115,P1016,5,2
20260517,S115,P1017,26,0
20260517,S115,P1018,8,0
20260517,S115,P1019,12,4
20260517,S115,P1020,8,0
20260517,S115,P1021,10,0
20260517,S115,P1022,5,6
20260517,S115,P1023,17,0
20260517,S115,P1024,7,0
20260517,S115,P1025,17,10
20260517,S115,P1026,3,2
20260517,S115,P1027,30,11
20260517,S115,P1028,12,0
20260517,S115,P1029,73,0
20260517,S115,P1030,13,0
20260517,S115,P1031,24,0
20260517,S115,P1032,25,0
20260517,S115,P1033,3,0
20260517,S115,P1034,13,0
20260517,S115,P1035,25,0
20260517,S115,P1036,7,0
20260517,S115,P1037,10,0
20260517,S115,P1038,3,0
20260517,S115,P1039,30,0
20260517,S115,P1040,8,7
20260517,S116,P1001,17,0
20260517,S116,P1002,10,5
20260517,S116,P1003,25,0
20260517,S116,P1004,7,0
20260517,S116,P1005,15,0
20260517,S116,P1006,4,2
20260517,S116,P1007,13,4
20260517,S116,P1008,14,8
20260517,S116,P1009,7,0
20260517,S116,P1010,7,6
20260517,S116,P1011,49,0
20260517,S116,P1012,3,0
20260517,S116,P1013,22,15
20260517,S116,P1014,3,9
20260517,S116,P1015,15,0
20260517,S116,P1016,13,7
20260517,S116,P1017,29,0
20260517,S116,P1018,7,0
20260517,S116,P1019,5,0
20260517,S116,P1020,14,6
20260517,S116,P1021,13,13
20260517,S116,P1022,15,0
20260517,S116,P1023,17,0
20260517,S116,P1024,21,0
20260517,S116,P1025,15,9
20260517,S116,P1026,5,0
20260517,S116,P1027,17,0
20260517,S116,P1028,8,0
20260517,S116,P1029,7,0
20260517,S116,P1030,13,6
20260517,S116,P1031,17,0
20260517,S116,P1032,2,0
20260517,S116,P1033,28,8
20260517,S116,P1034,5,0
20260517,S116,P1035,17,0
20260517,S116,P1036,5,0
20260517,S116,P1037,15,0
20260517,S116,P1038,26,0
20260517,S116,P1039,18,10
20260517,S116,P1040,11,0
20260517,S117,P1001,6,0
20260517,S117,P1002,5,1
20260517,S117,P1003,51,15
20260517,S117,P1004,17,0
20260517,S117,P1005,14,0
20260517,S117,P1006,4,8
20260517,S117,P1007,30,0
20260517,S117,P1008,7,0
20260517,S117,P1009,30,0
20260517,S117,P1010,6,0
20260517,S117,P1011,8,0
20260517,S117,P1012,12,0
20260517,S117,P1013,15,0
20260517,S117,P1014,10,0
20260517,S117,P1015,12,0
20260517,S117,P1016,18,0
20260517,S117,P1017,11,0
20260517,S117,P1018,18,0
20260517,S117,P1019,42,0
20260517,S117,P1020,5,0
20260517,S117,P1021,37,4
20260517,S117,P1022,10,2
20260517,S117,P1023,18,12
20260517,S117,P1024,6,0
20260517,S117,P1025,52,0
20260517,S117,P1026,19,0
20260517,S117,P1027,18,0
20260517,S117,P1028,15,0
20260517,S117,P1029,8,0
20260517,S117,P1030,14,0
20260517,S117,P1031,31,0
20260517,S117,P1032,13,7
20260517,S117,P1033,25,0
20260517,S117,P1034,11,0
20260517,S117,P1035,8,0
20260517,S117,P1036,2,0
20260517,S117,P1037,20,0
20260517,S117,P1038,6,0
20260517,S117,P1039,15,13
20260517,S117,P1040,7,0
20260517,S118,P1001,6,8
20260517,S118,P1002,4,11
20260517,S118,P1003,33,14
20260517,S118,P1004,12,13
20260517,S118,P1005,26,10
20260517,S118,P1006,14,0
20260517,S118,P1007,15,0
20260517,S118,P1008,4,0
20260517,S118,P1009,7,6
20260517,S118,P1010,68,0
20260517,S118,P1011,15,0
20260517,S118,P1012,4,0
20260517,S118,P1013,12,10
20260517,S118,P1014,14,0
20260517,S118,P1015,35,17
20260517,S118,P1016,15,5
20260517,S118,P1017,14,0
20260517,S118,P1018,3,0
20260517,S118,P1019,9,10
20260517,S118,P1020,9,0
20260517,S118,P1021,8,6
20260517,S118,P1022,12,0
20260517,S118,P1023,11,0
20260517,S118,P1024,8,0
20260517,S118,P1025,33,0
20260517,S118,P1026,7,0
20260517,S118,P1027,11,0
20260517,S118,P1028,8,0
20260517,S118,P1029,32,0
20260517,S118,P1030,12,0
20260517,S118,P1031,19,0
20260517,S118,P1032,13,0
20260517,S118,P1033,13,0
20260517,S118,P1034,6,0
20260517,S118,P1035,30,0
20260517,S118,P1036,3,0
20260517,S118,P1037,32,0
20260517,S118,P1038,23,0
20260517,S118,P1039,30,5
20260517,S118,P1040,7,0
20260517,S119,P1001,13,0
20260517,S119,P1002,8,0
20260517,S119,P1003,20,0
20260517,S119,P1004,6,3
20260517,S119,P1005,23,0
20260517,S119,P1006,6,9
20260517,S119,P1007,4,0
20260517,S119,P1008,11,0
20260517,S119,P1009,36,6
20260517,S119,P1010,7,5
20260517,S119,P1011,25,10
20260517,S119,P1012,14,0
20260517,S119,P1013,14,0
20260517,S119,P1014,12,0
20260517,S119,P1015,9,9
20260517,S119,P1016,2,0
20260517,S119,P1017,27,9
20260517,S119,P1018,25,0
20260517,S119,P1019,6,9
20260517,S119,P1020,12,0
20260517,S119,P1021,39,0
20260517,S119,P1022,9,0
20260517,S119,P1023,11,0
20260517,S119,P1024,14,0
20260517,S119,P1025,12,0
20260517,S119,P1026,5,0
20260517,S119,P1027,46,0
20260517,S119,P1028,11,0
20260517,S119,P1029,3,11
20260517,S119,P1030,17,12
20260517,S119,P1031,32,17
20260517,S119,P1032,7,0
20260517,S119,P1033,27,14
20260517,S119,P1034,13,0
20260517,S119,P1035,15,0
20260517,S119,P1036,8,4
20260517,S119,P1037,23,11
20260517,S119,P1038,3,5
20260517,S119,P1039,53,34
20260517,S119,P1040,9,9
20260517,S120,P1001,15,0
20260517,S120,P1002,8,0
20260517,S120,P1003,21,0
20260517,S120,P1004,5,3
20260517,S120,P1005,28,0
20260517,S120,P1006,4,0
20260517,S120,P1007,21,0
20260517,S120,P1008,7,8
20260517,S120,P1009,20,0
20260517,S120,P1010,6,0
20260517,S120,P1011,19,7
20260517,S120,P1012,12,0
20260517,S120,P1013,34,0
20260517,S120,P1014,3,0
20260517,S120,P1015,19,14
20260517,S120,P1016,17,0
20260517,S120,P1017,144,0
20260517,S120,P1018,13,0
20260517,S120,P1019,12,0
20260517,S120,P1020,9,0
20260517,S120,P1021,16,0
20260517,S120,P1022,5,0
20260517,S120,P1023,20,0
20260517,S120,P1024,6,0
20260517,S120,P1025,21,16
20260517,S120,P1026,11,7
20260517,S120,P1027,11,0
20260517,S120,P1028,1,5
20260517,S120,P1029,22,0
20260517,S120,P1030,7,0
20260517,S120,P1031,17,0
20260517,S120,P1032,14,0
20260517,S120,P1033,24,0
20260517,S120,P1034,6,0
20260517,S120,P1035,14,0
20260517,S120,P1036,15,5
20260517,S120,P1037,7,0
20260517,S120,P1038,11,5
20260517,S120,P1039,27,0
20260517,S120,P1040,8,2
20260524,S101,P1001,7,0
20260524,S101,P1002,9,0
20260524,S101,P1003,87,0
20260524,S101,P1004,12,11
20260524,S101,P1005,6,0
20260524,S101,P1006,9,0
20260524,S101,P1007,7,0
20260524,S101,P1008,4,0
20260524,S101,P1009,10,14
20260524,S101,P1010,6,0
20260524,S101,P1011,22,0
20260524,S101,P1012,4,0
20260524,S101,P1013,19,0
20260524,S101,P1014,84,0
20260524,S101,P1015,22,0
20260524,S101,P1016,34,23
20260524,S101,P1017,12,0
20260524,S101,P1018,14,19
20260524,S101,P1019,4,0
20260524,S101,P1020,2,0
20260524,S101,P1021,20,0
20260524,S101,P1022,7,0
20260524,S101,P1023,13,34
20260524,S101,P1024,7,0
20260524,S101,P1025,16,28
20260524,S101,P1026,5,10
20260524,S101,P1027,20,21
20260524,S101,P1028,8,0
20260524,S101,P1029,18,0
20260524,S101,P1030,17,0
20260524,S101,P1031,35,0
20260524,S101,P1032,10,0
20260524,S101,P1033,5,0
20260524,S101,P1034,6,0
20260524,S101,P1035,21,0
20260524,S101,P1036,5,0
20260524,S101,P1037,122,35
20260524,S101,P1038,22,0
20260524,S101,P1039,190,45
20260524,S101,P1040,8,0
20260524,S102,P1001,8,0
20260524,S102,P1002,9,0
20260524,S102,P1003,13,0
20260524,S102,P1004,10,0
20260524,S102,P1005,22,32
20260524,S102,P1006,18,14
20260524,S102,P1007,8,0
20260524,S102,P1008,10,0
20260524,S102,P1009,16,0
20260524,S102,P1010,11,0
20260524,S102,P1011,36,49
20260524,S102,P1012,31,31
20260524,S102,P1013,17,31
20260524,S102,P1014,6,0
20260524,S102,P1015,6,0
20260524,S102,P1016,17,0
20260524,S102,P1017,14,0
20260524,S102,P1018,7,0
20260524,S102,P1019,9,0
20260524,S102,P1020,1,12
20260524,S102,P1021,19,30
20260524,S102,P1022,4,0
20260524,S102,P1023,18,19
20260524,S102,P1024,7,0
20260524,S102,P1025,14,13
20260524,S102,P1026,8,16
20260524,S102,P1027,14,0
20260524,S102,P1028,19,0
20260524,S102,P1029,25,0
20260524,S102,P1030,22,15
20260524,S102,P1031,17,0
20260524,S102,P1032,10,12
20260524,S102,P1033,19,16
20260524,S102,P1034,12,0
20260524,S102,P1035,20,49
20260524,S102,P1036,3,0
20260524,S102,P1037,22,0
20260524,S102,P1038,63,0
20260524,S102,P1039,14,29
20260524,S102,P1040,1,10
20260524,S103,P1001,15,0
20260524,S103,P1002,11,0
20260524,S103,P1003,9,20
20260524,S103,P1004,8,0
20260524,S103,P1005,20,0
20260524,S103,P1006,13,10
20260524,S103,P1007,12,0
20260524,S103,P1008,5,0
20260524,S103,P1009,41,0
20260524,S103,P1010,8,0
20260524,S103,P1011,6,14
20260524,S103,P1012,10,0
20260524,S103,P1013,16,0
20260524,S103,P1014,7,0
20260524,S103,P1015,8,0
20260524,S103,P1016,15,0
20260524,S103,P1017,133,0
20260524,S103,P1018,17,0
20260524,S103,P1019,10,0
20260524,S103,P1020,6,0
20260524,S103,P1021,15,0
20260524,S103,P1022,11,0
20260524,S103,P1023,60,0
20260524,S103,P1024,14,14
20260524,S103,P1025,17,0
20260524,S103,P1026,25,0
20260524,S103,P1027,10,0
20260524,S103,P1028,35,6
20260524,S103,P1029,38,25
20260524,S103,P1030,13,0
20260524,S103,P1031,18,0
20260524,S103,P1032,38,0
20260524,S103,P1033,18,0
20260524,S103,P1034,12,26
20260524,S103,P1035,15,0
20260524,S103,P1036,6,0
20260524,S103,P1037,18,20
20260524,S103,P1038,12,6
20260524,S103,P1039,6,19
20260524,S103,P1040,1,0
20260524,S104,P1001,13,0
20260524,S104,P1002,12,0
20260524,S104,P1003,15,47
20260524,S104,P1004,15,0
20260524,S104,P1005,19,23
20260524,S104,P1006,11,13
20260524,S104,P1007,23,31
20260524,S104,P1008,4,0
20260524,S104,P1009,17,0
20260524,S104,P1010,12,14
20260524,S104,P1011,17,0
20260524,S104,P1012,10,9
20260524,S104,P1013,16,0
20260524,S104,P1014,14,0
20260524,S104,P1015,21,0
20260524,S104,P1016,11,0
20260524,S104,P1017,7,0
20260524,S104,P1018,13,0
20260524,S104,P1019,24,0
20260524,S104,P1020,18,0
20260524,S104,P1021,18,0
20260524,S104,P1022,9,5
20260524,S104,P1023,22,0
20260524,S104,P1024,14,10
20260524,S104,P1025,13,27
20260524,S104,P1026,11,0
20260524,S104,P1027,6,0
20260524,S104,P1028,11,0
20260524,S104,P1029,9,0
20260524,S104,P1030,9,0
20260524,S104,P1031,10,0
20260524,S104,P1032,15,0
20260524,S104,P1033,6,22
20260524,S104,P1034,12,0
20260524,S104,P1035,10,9
20260524,S104,P1036,5,9
20260524,S104,P1037,18,0
20260524,S104,P1038,4,0
20260524,S104,P1039,10,17
20260524,S104,P1040,27,0
20260524,S105,P1001,35,0
20260524,S105,P1002,9,0
20260524,S105,P1003,4,26
20260524,S105,P1004,19,14
20260524,S105,P1005,15,0
20260524,S105,P1006,10,0
20260524,S105,P1007,10,0
20260524,S105,P1008,20,0
20260524,S105,P1009,12,30
20260524,S105,P1010,31,0
20260524,S105,P1011,78,0
20260524,S105,P1012,4,8
20260524,S105,P1013,88,0
20260524,S105,P1014,13,9
20260524,S105,P1015,12,29
20260524,S105,P1016,7,0
20260524,S105,P1017,16,18
20260524,S105,P1018,16,24
20260524,S105,P1019,48,0
20260524,S105,P1020,18,0
20260524,S105,P1021,32,0
20260524,S105,P1022,13,0
20260524,S105,P1023,22,0
20260524,S105,P1024,3,17
20260524,S105,P1025,20,0
20260524,S105,P1026,10,0
20260524,S105,P1027,13,27
20260524,S105,P1028,14,0
20260524,S105,P1029,31,0
20260524,S105,P1030,7,0
20260524,S105,P1031,21,0
20260524,S105,P1032,13,0
20260524,S105,P1033,15,0
20260524,S105,P1034,8,0
20260524,S105,P1035,36,0
20260524,S105,P1036,13,0
20260524,S105,P1037,51,0
20260524,S105,P1038,8,0
20260524,S105,P1039,10,0
20260524,S105,P1040,24,0
20260524,S106,P1001,37,23
20260524,S106,P1002,31,0
20260524,S106,P1003,29,17
20260524,S106,P1004,38,0
20260524,S106,P1005,90,0
20260524,S106,P1006,11,0
20260524,S106,P1007,50,0
20260524,S106,P1008,41,16
20260524,S106,P1009,100,25
20260524,S106,P1010,31,0
20260524,S106,P1011,74,0
20260524,S106,P1012,56,0
20260524,S106,P1013,152,40
20260524,S106,P1014,21,0
20260524,S106,P1015,74,0
20260524,S106,P1016,38,0
20260524,S106,P1017,46,25
20260524,S106,P1018,20,0
20260524,S106,P1019,51,0
20260524,S106,P1020,20,17
20260524,S106,P1021,70,22
20260524,S106,P1022,49,0
20260524,S106,P1023,40,27
20260524,S106,P1024,17,0
20260524,S106,P1025,59,0
20260524,S106,P1026,18,0
20260524,S106,P1027,75,0
20260524,S106,P1028,42,0
20260524,S106,P1029,79,0
20260524,S106,P1030,27,0
20260524,S106,P1031,54,0
20260524,S106,P1032,20,0
20260524,S106,P1033,60,0
20260524,S106,P1034,24,6
20260524,S106,P1035,54,0
20260524,S106,P1036,26,15
20260524,S106,P1037,102,0
20260524,S106,P1038,25,0
20260524,S106,P1039,38,0
20260524,S106,P1040,37,0
20260524,S107,P1001,26,0
20260524,S107,P1002,20,0
20260524,S107,P1003,54,0
20260524,S107,P1004,36,0
20260524,S107,P1005,21,0
20260524,S107,P1006,29,8
20260524,S107,P1007,40,0
20260524,S107,P1008,35,0
20260524,S107,P1009,28,0
20260524,S107,P1010,32,0
20260524,S107,P1011,64,0
20260524,S107,P1012,52,0
20260524,S107,P1013,28,0
20260524,S107,P1014,11,0
20260524,S107,P1015,26,26
20260524,S107,P1016,23,0
20260524,S107,P1017,72,38
20260524,S107,P1018,15,0
20260524,S107,P1019,38,0
20260524,S107,P1020,36,0
20260524,S107,P1021,49,0
20260524,S107,P1022,41,0
20260524,S107,P1023,79,0
20260524,S107,P1024,48,0
20260524,S107,P1025,31,17
20260524,S107,P1026,28,0
20260524,S107,P1027,92,23
20260524,S107,P1028,19,12
20260524,S107,P1029,46,18
20260524,S107,P1030,50,0
20260524,S107,P1031,14,19
20260524,S107,P1032,18,0
20260524,S107,P1033,49,0
20260524,S107,P1034,24,11
20260524,S107,P1035,62,24
20260524,S107,P1036,15,0
20260524,S107,P1037,28,0
20260524,S107,P1038,26,0
20260524,S107,P1039,78,0
20260524,S107,P1040,45,0
20260524,S108,P1001,51,0
20260524,S108,P1002,60,0
20260524,S108,P1003,36,0
20260524,S108,P1004,27,0
20260524,S108,P1005,62,0
20260524,S108,P1006,35,0
20260524,S108,P1007,77,0
20260524,S108,P1008,47,0
20260524,S108,P1009,118,21
20260524,S108,P1010,15,8
20260524,S108,P1011,59,0
20260524,S108,P1012,24,0
20260524,S108,P1013,19,12
20260524,S108,P1014,33,0
20260524,S108,P1015,17,11
20260524,S108,P1016,23,9
20260524,S108,P1017,36,9
20260524,S108,P1018,17,0
20260524,S108,P1019,51,19
20260524,S108,P1020,36,0
20260524,S108,P1021,82,0
20260524,S108,P1022,37,0
20260524,S108,P1023,30,0
20260524,S108,P1024,50,0
20260524,S108,P1025,59,0
20260524,S108,P1026,23,11
20260524,S108,P1027,112,0
20260524,S108,P1028,59,15
20260524,S108,P1029,20,22
20260524,S108,P1030,23,11
20260524,S108,P1031,176,0
20260524,S108,P1032,19,0
20260524,S108,P1033,29,0
20260524,S108,P1034,25,0
20260524,S108,P1035,66,0
20260524,S108,P1036,14,0
20260524,S108,P1037,37,0
20260524,S108,P1038,17,7
20260524,S108,P1039,31,11
20260524,S108,P1040,19,8
20260524,S109,P1001,42,0
20260524,S109,P1002,36,0
20260524,S109,P1003,26,7
20260524,S109,P1004,3,0
20260524,S109,P1005,35,0
20260524,S109,P1006,34,0
20260524,S109,P1007,16,0
20260524,S109,P1008,20,4
20260524,S109,P1009,40,0
20260524,S109,P1010,35,0
20260524,S109,P1011,15,23
20260524,S109,P1012,44,0
20260524,S109,P1013,64,0
20260524,S109,P1014,35,8
20260524,S109,P1015,71,0
20260524,S109,P1016,20,0
20260524,S109,P1017,20,15
20260524,S109,P1018,31,0
20260524,S109,P1019,65,0
20260524,S109,P1020,40,0
20260524,S109,P1021,51,0
20260524,S109,P1022,48,0
20260524,S109,P1023,23,0
20260524,S109,P1024,30,0
20260524,S109,P1025,26,0
20260524,S109,P1026,27,0
20260524,S109,P1027,64,0
20260524,S109,P1028,21,0
20260524,S109,P1029,49,0
20260524,S109,P1030,15,11
20260524,S109,P1031,88,10
20260524,S109,P1032,38,0
20260524,S109,P1033,31,24
20260524,S109,P1034,30,0
20260524,S109,P1035,76,0
20260524,S109,P1036,32,0
20260524,S109,P1037,73,0
20260524,S109,P1038,26,6
20260524,S109,P1039,35,0
20260524,S109,P1040,20,0
20260524,S110,P1001,55,0
20260524,S110,P1002,9,24
20260524,S110,P1003,107,0
20260524,S110,P1004,54,0
20260524,S110,P1005,68,0
20260524,S110,P1006,47,0
20260524,S110,P1007,49,0
20260524,S110,P1008,88,0
20260524,S110,P1009,92,0
20260524,S110,P1010,17,0
20260524,S110,P1011,54,0
20260524,S110,P1012,26,8
20260524,S110,P1013,158,0
20260524,S110,P1014,13,6
20260524,S110,P1015,46,0
20260524,S110,P1016,20,0
20260524,S110,P1017,48,13
20260524,S110,P1018,22,0
20260524,S110,P1019,30,0
20260524,S110,P1020,44,0
20260524,S110,P1021,108,0
20260524,S110,P1022,18,0
20260524,S110,P1023,78,0
20260524,S110,P1024,40,0
20260524,S110,P1025,58,0
20260524,S110,P1026,79,0
20260524,S110,P1027,63,20
20260524,S110,P1028,34,0
20260524,S110,P1029,79,0
20260524,S110,P1030,30,0
20260524,S110,P1031,36,16
20260524,S110,P1032,40,0
20260524,S110,P1033,50,19
20260524,S110,P1034,24,0
20260524,S110,P1035,25,0
20260524,S110,P1036,38,0
20260524,S110,P1037,51,21
20260524,S110,P1038,28,4
20260524,S110,P1039,18,0
20260524,S110,P1040,35,0
20260524,S111,P1001,15,0
20260524,S111,P1002,43,7
20260524,S111,P1003,55,0
20260524,S111,P1004,22,7
20260524,S111,P1005,50,0
20260524,S111,P1006,13,0
20260524,S111,P1007,24,0
20260524,S111,P1008,39,0
20260524,S111,P1009,12,5
20260524,S111,P1010,29,0
20260524,S111,P1011,16,1
20260524,S111,P1012,6,0
20260524,S111,P1013,54,0
20260524,S111,P1014,8,0
20260524,S111,P1015,29,0
20260524,S111,P1016,12,0
20260524,S111,P1017,18,0
20260524,S111,P1018,16,0
20260524,S111,P1019,87,22
20260524,S111,P1020,23,0
20260524,S111,P1021,14,0
20260524,S111,P1022,20,0
20260524,S111,P1023,2,0
20260524,S111,P1024,19,0
20260524,S111,P1025,34,6
20260524,S111,P1026,18,0
20260524,S111,P1027,22,0
20260524,S111,P1028,28,1
20260524,S111,P1029,52,0
20260524,S111,P1030,16,2
20260524,S111,P1031,12,0
20260524,S111,P1032,36,0
20260524,S111,P1033,28,0
20260524,S111,P1034,15,0
20260524,S111,P1035,38,0
20260524,S111,P1036,8,1
20260524,S111,P1037,38,10
20260524,S111,P1038,28,0
20260524,S111,P1039,58,6
20260524,S111,P1040,10,0
20260524,S112,P1001,35,0
20260524,S112,P1002,41,0
20260524,S112,P1003,11,0
20260524,S112,P1004,9,0
20260524,S112,P1005,50,5
20260524,S112,P1006,16,4
20260524,S112,P1007,19,3
20260524,S112,P1008,35,3
20260524,S112,P1009,29,0
20260524,S112,P1010,32,0
20260524,S112,P1011,17,5
20260524,S112,P1012,15,2
20260524,S112,P1013,11,0
20260524,S112,P1014,6,2
20260524,S112,P1015,34,2
20260524,S112,P1016,15,0
20260524,S112,P1017,33,0
20260524,S112,P1018,46,3
20260524,S112,P1019,41,0
20260524,S112,P1020,9,0
20260524,S112,P1021,39,0
20260524,S112,P1022,16,0
20260524,S112,P1023,39,0
20260524,S112,P1024,25,0
20260524,S112,P1025,25,0
20260524,S112,P1026,26,8
20260524,S112,P1027,77,1
20260524,S112,P1028,16,0
20260524,S112,P1029,13,0
20260524,S112,P1030,9,0
20260524,S112,P1031,31,0
20260524,S112,P1032,18,4
20260524,S112,P1033,34,10
20260524,S112,P1034,17,3
20260524,S112,P1035,21,0
20260524,S112,P1036,19,0
20260524,S112,P1037,28,8
20260524,S112,P1038,26,0
20260524,S112,P1039,21,0
20260524,S112,P1040,13,1
20260524,S113,P1001,33,9
20260524,S113,P1002,17,0
20260524,S113,P1003,15,5
20260524,S113,P1004,19,3
20260524,S113,P1005,32,0
20260524,S113,P1006,3,0
20260524,S113,P1007,43,2
20260524,S113,P1008,9,0
20260524,S113,P1009,73,13
20260524,S113,P1010,16,0
20260524,S113,P1011,20,9
20260524,S113,P1012,16,0
20260524,S113,P1013,19,0
20260524,S113,P1014,2,0
20260524,S113,P1015,31,3
20260524,S113,P1016,16,0
20260524,S113,P1017,31,0
20260524,S113,P1018,34,9
20260524,S113,P1019,5,4
20260524,S113,P1020,9,0
20260524,S113,P1021,26,9
20260524,S113,P1022,20,2
20260524,S113,P1023,12,0
20260524,S113,P1024,23,0
20260524,S113,P1025,43,0
20260524,S113,P1026,5,4
20260524,S113,P1027,13,6
20260524,S113,P1028,23,4
20260524,S113,P1029,31,0
20260524,S113,P1030,20,0
20260524,S113,P1031,42,0
20260524,S113,P1032,12,0
20260524,S113,P1033,44,0
20260524,S113,P1034,20,5
20260524,S113,P1035,38,0
20260524,S113,P1036,13,1
20260524,S113,P1037,22,0
20260524,S113,P1038,37,0
20260524,S113,P1039,37,0
20260524,S113,P1040,23,0
20260524,S114,P1001,18,0
20260524,S114,P1002,18,8
20260524,S114,P1003,30,8
20260524,S114,P1004,34,4
20260524,S114,P1005,8,0
20260524,S114,P1006,45,0
20260524,S114,P1007,44,0
20260524,S114,P1008,9,6
20260524,S114,P1009,66,10
20260524,S114,P1010,20,4
20260524,S114,P1011,38,0
20260524,S114,P1012,32,6
20260524,S114,P1013,30,0
20260524,S114,P1014,26,3
20260524,S114,P1015,27,0
20260524,S114,P1016,16,0
20260524,S114,P1017,49,6
20260524,S114,P1018,11,2
20260524,S114,P1019,30,0
20260524,S114,P1020,39,0
20260524,S114,P1021,37,0
20260524,S114,P1022,10,2
20260524,S114,P1023,31,11
20260524,S114,P1024,24,11
20260524,S114,P1025,21,0
20260524,S114,P1026,5,0
20260524,S114,P1027,24,0
20260524,S114,P1028,15,0
20260524,S114,P1029,43,0
20260524,S114,P1030,1,0
20260524,S114,P1031,24,0
20260524,S114,P1032,28,0
20260524,S114,P1033,23,0
20260524,S114,P1034,18,6
20260524,S114,P1035,25,13
20260524,S114,P1036,28,0
20260524,S114,P1037,20,0
20260524,S114,P1038,7,2
20260524,S114,P1039,90,6
20260524,S114,P1040,18,1
20260524,S115,P1001,15,0
20260524,S115,P1002,14,2
20260524,S115,P1003,38,11
20260524,S115,P1004,6,6
20260524,S115,P1005,24,0
20260524,S115,P1006,4,3
20260524,S115,P1007,46,7
20260524,S115,P1008,7,0
20260524,S115,P1009,37,0
20260524,S115,P1010,35,6
20260524,S115,P1011,30,0
20260524,S115,P1012,17,10
20260524,S115,P1013,14,0
20260524,S115,P1014,5,0
20260524,S115,P1015,22,0
20260524,S115,P1016,6,0
20260524,S115,P1017,35,11
20260524,S115,P1018,2,2
20260524,S115,P1019,9,0
20260524,S115,P1020,4,0
20260524,S115,P1021,8,0
20260524,S115,P1022,1,0
20260524,S115,P1023,20,0
20260524,S115,P1024,5,9
20260524,S115,P1025,29,5
20260524,S115,P1026,2,0
20260524,S115,P1027,18,0
20260524,S115,P1028,6,7
20260524,S115,P1029,50,0
20260524,S115,P1030,15,0
20260524,S115,P1031,8,0
20260524,S115,P1032,38,0
20260524,S115,P1033,9,0
20260524,S115,P1034,11,0
20260524,S115,P1035,33,0
20260524,S115,P1036,9,0
20260524,S115,P1037,16,9
20260524,S115,P1038,1,0
20260524,S115,P1039,31,0
20260524,S115,P1040,5,0
20260524,S116,P1001,22,0
20260524,S116,P1002,5,0
20260524,S116,P1003,16,0
20260524,S116,P1004,8,0
20260524,S116,P1005,26,0
20260524,S116,P1006,4,0
20260524,S116,P1007,16,0
20260524,S116,P1008,5,0
20260524,S116,P1009,7,0
20260524,S116,P1010,6,0
20260524,S116,P1011,42,0
20260524,S116,P1012,4,0
20260524,S116,P1013,20,17
20260524,S116,P1014,5,0
20260524,S116,P1015,22,0
20260524,S116,P1016,11,0
20260524,S116,P1017,21,0
20260524,S116,P1018,10,0
20260524,S116,P1019,10,0
20260524,S116,P1020,10,0
20260524,S116,P1021,7,10
20260524,S116,P1022,19,0
20260524,S116,P1023,16,0
20260524,S116,P1024,9,0
20260524,S116,P1025,23,0
20260524,S116,P1026,4,0
20260524,S116,P1027,7,10
20260524,S116,P1028,10,0
20260524,S116,P1029,10,0
20260524,S116,P1030,14,0
20260524,S116,P1031,19,0
20260524,S116,P1032,6,5
20260524,S116,P1033,27,1
20260524,S116,P1034,5,0
20260524,S116,P1035,11,12
20260524,S116,P1036,3,0
20260524,S116,P1037,5,8
20260524,S116,P1038,21,0
20260524,S116,P1039,21,0
20260524,S116,P1040,11,0
20260524,S117,P1001,5,0
20260524,S117,P1002,14,0
20260524,S117,P1003,22,0
20260524,S117,P1004,9,8
20260524,S117,P1005,21,0
20260524,S117,P1006,3,0
20260524,S117,P1007,37,0
20260524,S117,P1008,8,0
20260524,S117,P1009,23,0
20260524,S117,P1010,5,10
20260524,S117,P1011,6,0
20260524,S117,P1012,4,0
20260524,S117,P1013,21,10
20260524,S117,P1014,10,0
20260524,S117,P1015,7,0
20260524,S117,P1016,9,0
20260524,S117,P1017,22,0
20260524,S117,P1018,21,11
20260524,S117,P1019,49,0
20260524,S117,P1020,7,7
20260524,S117,P1021,49,11
20260524,S117,P1022,7,0
20260524,S117,P1023,15,0
20260524,S117,P1024,5,7
20260524,S117,P1025,34,0
20260524,S117,P1026,16,0
20260524,S117,P1027,36,0
20260524,S117,P1028,7,0
20260524,S117,P1029,5,0
20260524,S117,P1030,9,0
20260524,S117,P1031,14,0
20260524,S117,P1032,7,0
20260524,S117,P1033,21,0
20260524,S117,P1034,14,0
20260524,S117,P1035,25,8
20260524,S117,P1036,6,0
20260524,S117,P1037,13,9
20260524,S117,P1038,7,4
20260524,S117,P1039,15,0
20260524,S117,P1040,12,0
20260524,S118,P1001,9,0
20260524,S118,P1002,10,4
20260524,S118,P1003,29,0
20260524,S118,P1004,7,10
20260524,S118,P1005,18,10
20260524,S118,P1006,19,7
20260524,S118,P1007,5,0
20260524,S118,P1008,5,0
20260524,S118,P1009,12,7
20260524,S118,P1010,18,7
20260524,S118,P1011,11,11
20260524,S118,P1012,8,0
20260524,S118,P1013,25,0
20260524,S118,P1014,4,0
20260524,S118,P1015,70,0
20260524,S118,P1016,11,8
20260524,S118,P1017,4,11
20260524,S118,P1018,6,13
20260524,S118,P1019,11,0
20260524,S118,P1020,10,0
20260524,S118,P1021,13,0
20260524,S118,P1022,11,0
20260524,S118,P1023,5,0
20260524,S118,P1024,6,0
20260524,S118,P1025,30,0
20260524,S118,P1026,10,0
20260524,S118,P1027,17,0
20260524,S118,P1028,6,0
20260524,S118,P1029,66,0
20260524,S118,P1030,12,7
20260524,S118,P1031,39,12
20260524,S118,P1032,7,0
20260524,S118,P1033,11,0
20260524,S118,P1034,6,0
20260524,S118,P1035,43,0
20260524,S118,P1036,4,0
20260524,S118,P1037,23,0
20260524,S118,P1038,18,0
20260524,S118,P1039,28,0
20260524,S118,P1040,4,4
20260524,S119,P1001,9,0
20260524,S119,P1002,6,0
20260524,S119,P1003,27,0
20260524,S119,P1004,4,0
20260524,S119,P1005,33,0
20260524,S119,P1006,6,3
20260524,S119,P1007,25,9
20260524,S119,P1008,8,0
20260524,S119,P1009,20,0
20260524,S119,P1010,3,0
20260524,S119,P1011,11,18
20260524,S119,P1012,5,10
20260524,S119,P1013,15,0
20260524,S119,P1014,10,0
20260524,S119,P1015,18,0
20260524,S119,P1016,4,4
20260524,S119,P1017,12,0
20260524,S119,P1018,11,0
20260524,S119,P1019,7,12
20260524,S119,P1020,4,8
20260524,S119,P1021,15,0
20260524,S119,P1022,5,0
20260524,S119,P1023,12,9
20260524,S119,P1024,13,0
20260524,S119,P1025,7,0
20260524,S119,P1026,6,0
20260524,S119,P1027,49,5
20260524,S119,P1028,8,0
20260524,S119,P1029,14,0
20260524,S119,P1030,19,0
20260524,S119,P1031,25,19
20260524,S119,P1032,2,0
20260524,S119,P1033,19,0
20260524,S119,P1034,21,0
20260524,S119,P1035,17,13
20260524,S119,P1036,15,0
20260524,S119,P1037,16,0
20260524,S119,P1038,20,0
20260524,S119,P1039,78,0
20260524,S119,P1040,12,5
20260524,S120,P1001,10,0
20260524,S120,P1002,9,7
20260524,S120,P1003,13,0
20260524,S120,P1004,7,3
20260524,S120,P1005,18,17
20260524,S120,P1006,10,0
20260524,S120,P1007,12,0
20260524,S120,P1008,6,0
20260524,S120,P1009,23,0
20260524,S120,P1010,6,0
20260524,S120,P1011,15,5
20260524,S120,P1012,14,0
20260524,S120,P1013,35,0
20260524,S120,P1014,4,0
20260524,S120,P1015,15,6
20260524,S120,P1016,17,7
20260524,S120,P1017,44,9
20260524,S120,P1018,5,4
20260524,S120,P1019,11,0
20260524,S120,P1020,2,0
20260524,S120,P1021,21,16
20260524,S120,P1022,6,2
20260524,S120,P1023,26,0
20260524,S120,P1024,7,0
20260524,S120,P1025,29,18
20260524,S120,P1026,14,0
20260524,S120,P1027,7,0
20260524,S120,P1028,2,0
20260524,S120,P1029,26,10
20260524,S120,P1030,8,0
20260524,S120,P1031,14,0
20260524,S120,P1032,3,0
20260524,S120,P1033,8,0
20260524,S120,P1034,18,0
20260524,S120,P1035,9,10
20260524,S120,P1036,11,4
20260524,S120,P1037,10,0
20260524,S120,P1038,14,5
20260524,S120,P1039,22,0
20260524,S120,P1040,11,0
20260531,S101,P1001,9,0
20260531,S101,P1002,6,8
20260531,S101,P1003,131,0
20260531,S101,P1004,8,0
20260531,S101,P1005,21,17
20260531,S101,P1006,14,14
20260531,S101,P1007,6,6
20260531,S101,P1008,11,0
20260531,S101,P1009,11,14
20260531,S101,P1010,3,0
20260531,S101,P1011,20,0
20260531,S101,P1012,2,0
20260531,S101,P1013,13,0
20260531,S101,P1014,77,17
20260531,S101,P1015,14,24
20260531,S101,P1016,17,0
20260531,S101,P1017,7,0
20260531,S101,P1018,11,0
20260531,S101,P1019,6,0
20260531,S101,P1020,11,10
20260531,S101,P1021,18,0
20260531,S101,P1022,8,0
20260531,S101,P1023,16,0
20260531,S101,P1024,14,0
20260531,S101,P1025,27,24
20260531,S101,P1026,4,0
20260531,S101,P1027,27,18
20260531,S101,P1028,8,0
20260531,S101,P1029,21,0
20260531,S101,P1030,22,0
20260531,S101,P1031,33,28
20260531,S101,P1032,5,18
20260531,S101,P1033,11,0
20260531,S101,P1034,12,0
20260531,S101,P1035,11,24
20260531,S101,P1036,17,0
20260531,S101,P1037,151,0
20260531,S101,P1038,22,0
20260531,S101,P1039,229,0
20260531,S101,P1040,4,0
20260531,S102,P1001,6,0
20260531,S102,P1002,8,0
20260531,S102,P1003,10,0
20260531,S102,P1004,9,0
20260531,S102,P1005,23,0
20260531,S102,P1006,19,0
20260531,S102,P1007,22,0
20260531,S102,P1008,14,0
20260531,S102,P1009,10,0
20260531,S102,P1010,16,18
20260531,S102,P1011,31,0
20260531,S102,P1012,55,29
20260531,S102,P1013,18,32
20260531,S102,P1014,7,0
20260531,S102,P1015,8,13
20260531,S102,P1016,20,0
20260531,S102,P1017,7,0
20260531,S102,P1018,13,12
20260531,S102,P1019,10,18
20260531,S102,P1020,8,0
20260531,S102,P1021,15,0
20260531,S102,P1022,1,0
20260531,S102,P1023,13,0
20260531,S102,P1024,10,0
20260531,S102,P1025,-4,20
20260531,S102,P1026,0,0
20260531,S102,P1027,16,0
20260531,S102,P1028,19,0
20260531,S102,P1029,12,0
20260531,S102,P1030,22,0
20260531,S102,P1031,11,26
20260531,S102,P1032,7,11
20260531,S102,P1033,25,0
20260531,S102,P1034,13,0
20260531,S102,P1035,17,43
20260531,S102,P1036,14,10
20260531,S102,P1037,11,0
20260531,S102,P1038,77,0
20260531,S102,P1039,28,27
20260531,S102,P1040,10,11
20260531,S103,P1001,15,0
20260531,S103,P1002,5,0
20260531,S103,P1003,9,26
20260531,S103,P1004,4,0
20260531,S103,P1005,8,0
20260531,S103,P1006,4,11
20260531,S103,P1007,7,0
20260531,S103,P1008,6,13
20260531,S103,P1009,29,0
20260531,S103,P1010,10,0
20260531,S103,P1011,13,0
20260531,S103,P1012,14,0
20260531,S103,P1013,34,0
20260531,S103,P1014,6,0
20260531,S103,P1015,13,0
20260531,S103,P1016,11,24
20260531,S103,P1017,130,0
20260531,S103,P1018,19,0
20260531,S103,P1019,12,0
20260531,S103,P1020,7,7
20260531,S103,P1021,13,0
20260531,S103,P1022,19,17
20260531,S103,P1023,31,0
20260531,S103,P1024,5,0
20260531,S103,P1025,24,0
20260531,S103,P1026,19,0
20260531,S103,P1027,11,0
20260531,S103,P1028,39,0
20260531,S103,P1029,28,0
20260531,S103,P1030,6,0
20260531,S103,P1031,30,0
20260531,S103,P1032,29,0
20260531,S103,P1033,13,0
20260531,S103,P1034,10,0
20260531,S103,P1035,16,0
20260531,S103,P1036,16,0
20260531,S103,P1037,4,0
20260531,S103,P1038,8,14
20260531,S103,P1039,13,16
20260531,S103,P1040,3,0
20260531,S104,P1001,12,20
20260531,S104,P1002,10,0
20260531,S104,P1003,13,40
20260531,S104,P1004,9,9
20260531,S104,P1005,14,0
20260531,S104,P1006,7,0
20260531,S104,P1007,10,0
20260531,S104,P1008,6,17
20260531,S104,P1009,35,0
20260531,S104,P1010,8,0
20260531,S104,P1011,14,0
20260531,S104,P1012,9,0
20260531,S104,P1013,16,0
20260531,S104,P1014,5,15
20260531,S104,P1015,19,0
20260531,S104,P1016,15,11
20260531,S104,P1017,25,0
20260531,S104,P1018,9,10
20260531,S104,P1019,9,0
20260531,S104,P1020,8,0
20260531,S104,P1021,15,0
20260531,S104,P1022,10,0
20260531,S104,P1023,12,0
20260531,S104,P1024,9,0
20260531,S104,P1025,15,0
20260531,S104,P1026,6,0
20260531,S104,P1027,11,0
20260531,S104,P1028,3,0
20260531,S104,P1029,8,0
20260531,S104,P1030,7,13
20260531,S104,P1031,8,12
20260531,S104,P1032,9,0
20260531,S104,P1033,6,0
20260531,S104,P1034,7,0
20260531,S104,P1035,14,0
20260531,S104,P1036,9,16
20260531,S104,P1037,20,0
20260531,S104,P1038,4,0
20260531,S104,P1039,11,0
20260531,S104,P1040,19,0
20260531,S105,P1001,45,0
20260531,S105,P1002,6,0
20260531,S105,P1003,14,0
20260531,S105,P1004,6,0
20260531,S105,P1005,21,0
20260531,S105,P1006,14,11
20260531,S105,P1007,10,0
20260531,S105,P1008,20,0
20260531,S105,P1009,16,26
20260531,S105,P1010,45,0
20260531,S105,P1011,100,0
20260531,S105,P1012,7,0
20260531,S105,P1013,68,0
20260531,S105,P1014,8,12
20260531,S105,P1015,17,0
20260531,S105,P1016,11,0
20260531,S105,P1017,14,0
20260531,S105,P1018,15,0
20260531,S105,P1019,67,0
20260531,S105,P1020,9,8
20260531,S105,P1021,16,0
20260531,S105,P1022,22,0
20260531,S105,P1023,20,14
20260531,S105,P1024,6,0
20260531,S105,P1025,17,0
20260531,S105,P1026,14,0
20260531,S105,P1027,10,0
20260531,S105,P1028,12,0
20260531,S105,P1029,12,0
20260531,S105,P1030,17,10
20260531,S105,P1031,10,0
20260531,S105,P1032,14,13
20260531,S105,P1033,19,31
20260531,S105,P1034,5,0
20260531,S105,P1035,27,43
20260531,S105,P1036,14,12
20260531,S105,P1037,111,10
20260531,S105,P1038,5,5
20260531,S105,P1039,18,0
20260531,S105,P1040,24,0
20260531,S106,P1001,48,10
20260531,S106,P1002,29,11
20260531,S106,P1003,38,0
20260531,S106,P1004,26,12
20260531,S106,P1005,122,0
20260531,S106,P1006,10,4
20260531,S106,P1007,31,0
20260531,S106,P1008,53,0
20260531,S106,P1009,76,0
20260531,S106,P1010,33,0
20260531,S106,P1011,60,12
20260531,S106,P1012,85,0
20260531,S106,P1013,80,0
20260531,S106,P1014,20,0
20260531,S106,P1015,55,18
20260531,S106,P1016,24,12
20260531,S106,P1017,33,0
20260531,S106,P1018,24,0
20260531,S106,P1019,27,0
20260531,S106,P1020,27,0
20260531,S106,P1021,81,0
20260531,S106,P1022,58,0
20260531,S106,P1023,55,0
20260531,S106,P1024,23,0
20260531,S106,P1025,95,31
20260531,S106,P1026,20,0
20260531,S106,P1027,37,25
20260531,S106,P1028,31,0
20260531,S106,P1029,36,0
20260531,S106,P1030,6,0
20260531,S106,P1031,121,0
20260531,S106,P1032,18,7
20260531,S106,P1033,65,0
20260531,S106,P1034,31,0
20260531,S106,P1035,31,32
20260531,S106,P1036,32,0
20260531,S106,P1037,137,31
20260531,S106,P1038,31,0
20260531,S106,P1039,52,0
20260531,S106,P1040,19,0
20260531,S107,P1001,34,0
20260531,S107,P1002,13,0
20260531,S107,P1003,56,32
20260531,S107,P1004,47,11
20260531,S107,P1005,33,0
20260531,S107,P1006,25,0
20260531,S107,P1007,36,24
20260531,S107,P1008,19,5
20260531,S107,P1009,37,0
20260531,S107,P1010,30,0
20260531,S107,P1011,68,24
20260531,S107,P1012,30,0
20260531,S107,P1013,30,0
20260531,S107,P1014,9,0
20260531,S107,P1015,30,0
20260531,S107,P1016,37,0
20260531,S107,P1017,42,0
20260531,S107,P1018,12,0
20260531,S107,P1019,42,0
20260531,S107,P1020,34,0
20260531,S107,P1021,55,0
20260531,S107,P1022,43,0
20260531,S107,P1023,49,0
20260531,S107,P1024,66,0
20260531,S107,P1025,74,0
20260531,S107,P1026,36,0
20260531,S107,P1027,87,33
20260531,S107,P1028,25,0
20260531,S107,P1029,53,0
20260531,S107,P1030,66,0
20260531,S107,P1031,17,12
20260531,S107,P1032,26,0
20260531,S107,P1033,33,0
20260531,S107,P1034,25,0
20260531,S107,P1035,60,0
20260531,S107,P1036,14,0
20260531,S107,P1037,33,0
20260531,S107,P1038,16,0
20260531,S107,P1039,146,0
20260531,S107,P1040,36,8
20260531,S108,P1001,39,16
20260531,S108,P1002,47,0
20260531,S108,P1003,42,21
20260531,S108,P1004,21,24
20260531,S108,P1005,46,0
20260531,S108,P1006,12,0
20260531,S108,P1007,60,0
20260531,S108,P1008,30,0
20260531,S108,P1009,71,19
20260531,S108,P1010,14,0
20260531,S108,P1011,88,0
20260531,S108,P1012,27,0
20260531,S108,P1013,51,18
20260531,S108,P1014,44,0
20260531,S108,P1015,28,0
20260531,S108,P1016,34,0
20260531,S108,P1017,52,10
20260531,S108,P1018,22,9
20260531,S108,P1019,86,0
20260531,S108,P1020,33,17
20260531,S108,P1021,47,25
20260531,S108,P1022,24,0
20260531,S108,P1023,37,0
20260531,S108,P1024,40,0
20260531,S108,P1025,49,0
20260531,S108,P1026,36,0
20260531,S108,P1027,114,32
20260531,S108,P1028,47,0
20260531,S108,P1029,16,0
20260531,S108,P1030,34,0
20260531,S108,P1031,89,19
20260531,S108,P1032,23,0
20260531,S108,P1033,55,0
20260531,S108,P1034,32,0
20260531,S108,P1035,68,0
20260531,S108,P1036,19,0
20260531,S108,P1037,40,0
20260531,S108,P1038,23,0
20260531,S108,P1039,22,0
20260531,S108,P1040,23,0
20260531,S109,P1001,64,0
20260531,S109,P1002,31,0
20260531,S109,P1003,54,0
20260531,S109,P1004,10,6
20260531,S109,P1005,44,0
20260531,S109,P1006,26,16
20260531,S109,P1007,22,0
20260531,S109,P1008,19,0
20260531,S109,P1009,43,0
20260531,S109,P1010,19,19
20260531,S109,P1011,17,0
20260531,S109,P1012,65,0
20260531,S109,P1013,44,0
20260531,S109,P1014,44,0
20260531,S109,P1015,44,0
20260531,S109,P1016,16,0
20260531,S109,P1017,35,0
20260531,S109,P1018,31,0
20260531,S109,P1019,59,28
20260531,S109,P1020,45,13
20260531,S109,P1021,47,12
20260531,S109,P1022,46,13
20260531,S109,P1023,27,15
20260531,S109,P1024,26,0
20260531,S109,P1025,20,0
20260531,S109,P1026,13,0
20260531,S109,P1027,80,24
20260531,S109,P1028,21,7
20260531,S109,P1029,30,0
20260531,S109,P1030,28,0
20260531,S109,P1031,50,0
20260531,S109,P1032,46,0
20260531,S109,P1033,47,0
20260531,S109,P1034,25,0
20260531,S109,P1035,83,16
20260531,S109,P1036,54,19
20260531,S109,P1037,64,21
20260531,S109,P1038,15,7
20260531,S109,P1039,40,0
20260531,S109,P1040,10,0
20260531,S110,P1001,61,0
20260531,S110,P1002,14,11
20260531,S110,P1003,68,0
20260531,S110,P1004,39,0
20260531,S110,P1005,110,0
20260531,S110,P1006,51,0
20260531,S110,P1007,38,27
20260531,S110,P1008,40,7
20260531,S110,P1009,66,0
20260531,S110,P1010,16,6
20260531,S110,P1011,74,25
20260531,S110,P1012,37,0
20260531,S110,P1013,63,24
20260531,S110,P1014,15,4
20260531,S110,P1015,32,0
20260531,S110,P1016,21,7
20260531,S110,P1017,28,0
20260531,S110,P1018,11,0
20260531,S110,P1019,30,17
20260531,S110,P1020,42,16
20260531,S110,P1021,93,0
20260531,S110,P1022,31,9
20260531,S110,P1023,96,0
20260531,S110,P1024,38,0
20260531,S110,P1025,39,0
20260531,S110,P1026,27,0
20260531,S110,P1027,53,0
20260531,S110,P1028,13,0
20260531,S110,P1029,69,0
20260531,S110,P1030,27,0
20260531,S110,P1031,60,23
20260531,S110,P1032,58,0
20260531,S110,P1033,107,27
20260531,S110,P1034,38,0
20260531,S110,P1035,22,0
20260531,S110,P1036,34,0
20260531,S110,P1037,57,0
20260531,S110,P1038,17,0
20260531,S110,P1039,26,0
20260531,S110,P1040,39,14
20260531,S111,P1001,8,0
20260531,S111,P1002,16,0
20260531,S111,P1003,36,8
20260531,S111,P1004,19,0
20260531,S111,P1005,21,0
20260531,S111,P1006,7,0
20260531,S111,P1007,32,0
20260531,S111,P1008,29,0
20260531,S111,P1009,9,0
20260531,S111,P1010,14,0
20260531,S111,P1011,8,0
20260531,S111,P1012,8,0
20260531,S111,P1013,42,9
20260531,S111,P1014,16,8
20260531,S111,P1015,44,0
20260531,S111,P1016,13,4
20260531,S111,P1017,12,4
20260531,S111,P1018,4,0
20260531,S111,P1019,49,0
20260531,S111,P1020,33,0
20260531,S111,P1021,18,0
20260531,S111,P1022,16,0
20260531,S111,P1023,2,0
20260531,S111,P1024,33,0
20260531,S111,P1025,20,0
20260531,S111,P1026,16,2
20260531,S111,P1027,43,0
20260531,S111,P1028,21,0
20260531,S111,P1029,29,0
20260531,S111,P1030,22,1
20260531,S111,P1031,4,0
20260531,S111,P1032,41,0
20260531,S111,P1033,27,10
20260531,S111,P1034,15,1
20260531,S111,P1035,70,7
20260531,S111,P1036,4,0
20260531,S111,P1037,36,0
20260531,S111,P1038,15,3
20260531,S111,P1039,58,12
20260531,S111,P1040,11,4
20260531,S113,P1001,78,0
20260531,S113,P1002,41,2
20260531,S113,P1003,13,0
20260531,S113,P1004,20,0
20260531,S113,P1005,50,0
20260531,S113,P1006,4,0
20260531,S113,P1007,38,0
20260531,S113,P1008,7,0
20260531,S113,P1009,44,17
20260531,S113,P1010,26,2
20260531,S113,P1011,30,5
20260531,S113,P1012,24,0
20260531,S113,P1013,14,0
20260531,S113,P1014,4,0
20260531,S113,P1015,29,8
20260531,S113,P1016,14,0
20260531,S113,P1017,24,0
20260531,S113,P1018,30,0
20260531,S113,P1019,1,0
20260531,S113,P1020,5,0
20260531,S113,P1021,52,0
20260531,S113,P1022,11,5
20260531,S113,P1023,10,0
20260531,S113,P1024,38,0
20260531,S113,P1025,47,12
20260531,S113,P1026,14,0
20260531,S113,P1027,17,0
20260531,S113,P1028,27,0
20260531,S113,P1029,21,0
20260531,S113,P1030,23,0
20260531,S113,P1031,22,0
20260531,S113,P1032,2,0
20260531,S113,P1033,30,0
20260531,S113,P1034,10,0
20260531,S113,P1035,49,0
20260531,S113,P1036,16,3
20260531,S113,P1037,23,6
20260531,S113,P1038,16,0
20260531,S113,P1039,24,0
20260531,S113,P1040,34,0
20260531,S114,P1001,23,5
20260531,S114,P1002,23,0
20260531,S114,P1003,23,0
20260531,S114,P1004,26,0
20260531,S114,P1005,5,4
20260531,S114,P1006,31,0
20260531,S114,P1007,51,10
20260531,S114,P1008,9,5
20260531,S114,P1009,75,0
20260531,S114,P1010,23,0
20260531,S114,P1011,41,0
20260531,S114,P1012,29,0
20260531,S114,P1013,25,6
20260531,S114,P1014,7,3
20260531,S114,P1015,56,0
20260531,S114,P1016,13,2
20260531,S114,P1017,26,0
20260531,S114,P1018,16,0
20260531,S114,P1019,35,0
20260531,S114,P1020,37,0
20260531,S114,P1021,39,2
20260531,S114,P1022,11,0
20260531,S114,P1023,65,0
20260531,S114,P1024,25,10
20260531,S114,P1025,20,0
20260531,S114,P1026,8,0
20260531,S114,P1027,22,0
20260531,S114,P1028,18,0
20260531,S114,P1029,33,0
20260531,S114,P1030,5,0
20260531,S114,P1031,28,8
20260531,S114,P1032,49,2
20260531,S114,P1033,32,3
20260531,S114,P1034,30,6
20260531,S114,P1035,27,0
20260531,S114,P1036,27,0
20260531,S114,P1037,20,0
20260531,S114,P1038,36,0
20260531,S114,P1039,53,0
20260531,S114,P1040,25,3
20260531,S115,P1001,10,0
20260531,S115,P1002,4,4
20260531,S115,P1003,32,0
20260531,S115,P1004,15,0
20260531,S115,P1005,27,0
20260531,S115,P1006,2,0
20260531,S115,P1007,37,12
20260531,S115,P1008,12,6
20260531,S115,P1009,46,0
20260531,S115,P1010,33,0
20260531,S115,P1011,30,12
20260531,S115,P1012,6,0
20260531,S115,P1013,15,8
20260531,S115,P1014,7,0
20260531,S115,P1015,12,0
20260531,S115,P1016,4,5
20260531,S115,P1017,39,0
20260531,S115,P1018,3,0
20260531,S115,P1019,6,0
20260531,S115,P1020,9,0
20260531,S115,P1021,8,0
20260531,S115,P1022,2,0
20260531,S115,P1023,13,0
20260531,S115,P1024,13,0
20260531,S115,P1025,5,0
20260531,S115,P1026,7,2
20260531,S115,P1027,29,0
20260531,S115,P1028,6,5
20260531,S115,P1029,75,0
20260531,S115,P1030,7,0
20260531,S115,P1031,25,0
20260531,S115,P1032,41,6
20260531,S115,P1033,3,0
20260531,S115,P1034,10,0
20260531,S115,P1035,22,0
20260531,S115,P1036,10,0
20260531,S115,P1037,23,0
20260531,S115,P1038,4,3
20260531,S115,P1039,35,0
20260531,S115,P1040,16,4
20260531,S116,P1001,-2,0
20260531,S116,P1002,2,0
20260531,S116,P1003,13,0
20260531,S116,P1004,4,1
20260531,S116,P1005,26,0
20260531,S116,P1006,3,0
20260531,S116,P1007,5,0
20260531,S116,P1008,5,0
20260531,S116,P1009,4,5
20260531,S116,P1010,4,0
20260531,S116,P1011,56,6
20260531,S116,P1012,6,0
20260531,S116,P1013,21,0
20260531,S116,P1014,10,6
20260531,S116,P1015,19,0
20260531,S116,P1016,13,0
20260531,S116,P1017,27,0
20260531,S116,P1018,7,0
20260531,S116,P1019,2,6
20260531,S116,P1020,10,0
20260531,S116,P1021,7,0
20260531,S116,P1022,10,0
20260531,S116,P1023,11,13
20260531,S116,P1024,12,9
20260531,S116,P1025,26,8
20260531,S116,P1026,3,0
20260531,S116,P1027,10,0
20260531,S116,P1028,7,0
20260531,S116,P1029,25,0
20260531,S116,P1030,14,0
20260531,S116,P1031,13,0
20260531,S116,P1032,6,0
20260531,S116,P1033,21,9
20260531,S116,P1034,7,0
20260531,S116,P1035,8,6
20260531,S116,P1036,1,0
20260531,S116,P1037,14,0
20260531,S116,P1038,16,0
20260531,S116,P1039,31,10
20260531,S116,P1040,12,0
20260531,S117,P1001,8,7
20260531,S117,P1002,7,6
20260531,S117,P1003,24,14
20260531,S117,P1004,11,0
20260531,S117,P1005,24,0
20260531,S117,P1006,8,4
20260531,S117,P1007,33,12
20260531,S117,P1008,5,0
20260531,S117,P1009,28,0
20260531,S117,P1010,11,0
20260531,S117,P1011,5,0
20260531,S117,P1012,6,0
20260531,S117,P1013,29,7
20260531,S117,P1014,22,0
20260531,S117,P1015,9,0
20260531,S117,P1016,12,0
20260531,S117,P1017,29,0
20260531,S117,P1018,24,8
20260531,S117,P1019,76,0
20260531,S117,P1020,12,0
20260531,S117,P1021,38,0
20260531,S117,P1022,11,4
20260531,S117,P1023,5,14
20260531,S117,P1024,5,0
20260531,S117,P1025,52,0
20260531,S117,P1026,4,12
20260531,S117,P1027,18,0
20260531,S117,P1028,6,0
20260531,S117,P1029,14,0
20260531,S117,P1030,7,7
20260531,S117,P1031,22,0
20260531,S117,P1032,10,6
20260531,S117,P1033,40,0
20260531,S117,P1034,15,9
20260531,S117,P1035,10,0
20260531,S117,P1036,9,0
20260531,S117,P1037,18,0
20260531,S117,P1038,3,0
20260531,S117,P1039,25,8
20260531,S117,P1040,3,0
20260531,S118,P1001,15,0
20260531,S118,P1002,4,8
20260531,S118,P1003,29,0
20260531,S118,P1004,6,0
20260531,S118,P1005,21,9
20260531,S118,P1006,20,0
20260531,S118,P1007,15,9
20260531,S118,P1008,11,0
20260531,S118,P1009,9,0
20260531,S118,P1010,20,0
20260531,S118,P1011,6,0
20260531,S118,P1012,3,0
20260531,S118,P1013,27,0
20260531,S118,P1014,3,0
20260531,S118,P1015,47,0
20260531,S118,P1016,13,6
20260531,S118,P1017,15,0
20260531,S118,P1018,17,0
20260531,S118,P1019,11,0
20260531,S118,P1020,18,3
20260531,S118,P1021,5,0
20260531,S118,P1022,14,0
20260531,S118,P1023,14,0
20260531,S118,P1024,2,3
20260531,S118,P1025,12,0
20260531,S118,P1026,12,9
20260531,S118,P1027,12,0
20260531,S118,P1028,3,0
20260531,S118,P1029,27,0
20260531,S118,P1030,26,0
20260531,S118,P1031,32,0
20260531,S118,P1032,8,0
20260531,S118,P1033,15,7
20260531,S118,P1034,7,0
20260531,S118,P1035,44,10
20260531,S118,P1036,13,0
20260531,S118,P1037,32,0
20260531,S118,P1038,13,0
20260531,S118,P1039,11,0
20260531,S118,P1040,4,0
20260531,S119,P1001,18,0
20260531,S119,P1002,14,0
20260531,S119,P1003,22,0
20260531,S119,P1004,14,5
20260531,S119,P1005,22,0
20260531,S119,P1006,6,0
20260531,S119,P1007,8,0
20260531,S119,P1008,19,0
20260531,S119,P1009,32,0
20260531,S119,P1010,5,9
20260531,S119,P1011,22,0
20260531,S119,P1012,1,0
20260531,S119,P1013,16,0
20260531,S119,P1014,8,0
20260531,S119,P1015,7,0
20260531,S119,P1016,8,0
20260531,S119,P1017,12,0
20260531,S119,P1018,18,9
20260531,S119,P1019,6,0
20260531,S119,P1020,21,6
20260531,S119,P1021,27,0
20260531,S119,P1022,4,0
20260531,S119,P1023,10,0
20260531,S119,P1024,16,0
20260531,S119,P1025,9,0
20260531,S119,P1026,8,0
20260531,S119,P1027,43,0
20260531,S119,P1028,10,4
20260531,S119,P1029,17,0
20260531,S119,P1030,20,13
20260531,S119,P1031,23,0
20260531,S119,P1032,7,0
20260531,S119,P1033,18,0
20260531,S119,P1034,16,6
20260531,S119,P1035,13,21
20260531,S119,P1036,32,0
20260531,S119,P1037,18,9
20260531,S119,P1038,13,0
20260531,S119,P1039,35,0
20260531,S119,P1040,17,0
20260531,S120,P1001,17,4
20260531,S120,P1002,12,0
20260531,S120,P1003,22,0
20260531,S120,P1004,6,9
20260531,S120,P1005,10,0
20260531,S120,P1006,11,0
20260531,S120,P1007,11,7
20260531,S120,P1008,6,0
20260531,S120,P1009,35,0
20260531,S120,P1010,7,0
20260531,S120,P1011,11,0
20260531,S120,P1012,23,7
20260531,S120,P1013,9,9
20260531,S120,P1014,3,2
20260531,S120,P1015,13,18
20260531,S120,P1016,15,0
20260531,S120,P1017,41,7
20260531,S120,P1018,7,0
20260531,S120,P1019,5,0
20260531,S120,P1020,7,0
20260531,S120,P1021,11,8
20260531,S120,P1022,8,0
20260531,S120,P1023,11,0
20260531,S120,P1024,6,0
20260531,S120,P1025,26,10
20260531,S120,P1026,9,0
20260531,S120,P1027,11,0
20260531,S120,P1028,6,0
20260531,S120,P1029,15,6
20260531,S120,P1030,6,0
20260531,S120,P1031,17,13
20260531,S120,P1032,4,0
20260531,S120,P1033,15,0
20260531,S120,P1034,9,0
20260531,S120,P1035,19,0
20260531,S120,P1036,8,0
20260531,S120,P1037,15,0
20260531,S120,P1038,12,3
20260531,S120,P1039,18,0
20260531,S120,P1040,5,5
